This is pdfTeX, Version 3.141592653-2.6-1.40.22 (TeX Live 2022/dev/Debian) (preloaded format=pdflatex 2024.10.31)  18 NOV 2024 11:10
entering extended mode
 restricted \write18 enabled.
 %&-line parsing enabled.
**"Informe de Auditoría del Sistema Web.tex"
(./Informe de Auditoría del Sistema Web.tex
LaTeX2e <2021-11-15> patch level 1
L3 programming layer <2022-01-21>
(/usr/share/texlive/texmf-dist/tex/latex/base/article.cls
Document Class: article 2021/10/04 v1.4n Standard LaTeX document class
(/usr/share/texlive/texmf-dist/tex/latex/base/size12.clo
File: size12.clo 2021/10/04 v1.4n Standard LaTeX file (size option)
)
\c@part=\count185
\c@section=\count186
\c@subsection=\count187
\c@subsubsection=\count188
\c@paragraph=\count189
\c@subparagraph=\count190
\c@figure=\count191
\c@table=\count192
\abovecaptionskip=\skip47
\belowcaptionskip=\skip48
\bibindent=\dimen138
)
(/usr/share/texlive/texmf-dist/tex/latex/base/inputenc.sty
Package: inputenc 2021/02/14 v1.3d Input encoding file
\inpenc@prehook=\toks16
\inpenc@posthook=\toks17
)
(/usr/share/texlive/texmf-dist/tex/latex/graphics/graphicx.sty
Package: graphicx 2021/09/16 v1.2d Enhanced LaTeX Graphics (DPC,SPQR)

(/usr/share/texlive/texmf-dist/tex/latex/graphics/keyval.sty
Package: keyval 2014/10/28 v1.15 key=value parser (DPC)
\KV@toks@=\toks18
)
(/usr/share/texlive/texmf-dist/tex/latex/graphics/graphics.sty
Package: graphics 2021/03/04 v1.4d Standard LaTeX Graphics (DPC,SPQR)

(/usr/share/texlive/texmf-dist/tex/latex/graphics/trig.sty
Package: trig 2021/08/11 v1.11 sin cos tan (DPC)
)
(/usr/share/texlive/texmf-dist/tex/latex/graphics-cfg/graphics.cfg
File: graphics.cfg 2016/06/04 v1.11 sample graphics configuration
)
Package graphics Info: Driver file: pdftex.def on input line 107.

(/usr/share/texlive/texmf-dist/tex/latex/graphics-def/pdftex.def
File: pdftex.def 2020/10/05 v1.2a Graphics/color driver for pdftex
))
\Gin@req@height=\dimen139
\Gin@req@width=\dimen140
)
(/usr/share/texlive/texmf-dist/tex/latex/hyperref/hyperref.sty
Package: hyperref 2021-06-07 v7.00m Hypertext links for LaTeX

(/usr/share/texlive/texmf-dist/tex/generic/ltxcmds/ltxcmds.sty
Package: ltxcmds 2020-05-10 v1.25 LaTeX kernel commands for general use (HO)
)
(/usr/share/texlive/texmf-dist/tex/generic/iftex/iftex.sty
Package: iftex 2020/03/06 v1.0d TeX engine tests
)
(/usr/share/texlive/texmf-dist/tex/generic/pdftexcmds/pdftexcmds.sty
Package: pdftexcmds 2020-06-27 v0.33 Utility functions of pdfTeX for LuaTeX (HO
)

(/usr/share/texlive/texmf-dist/tex/generic/infwarerr/infwarerr.sty
Package: infwarerr 2019/12/03 v1.5 Providing info/warning/error messages (HO)
)
Package pdftexcmds Info: \pdf@primitive is available.
Package pdftexcmds Info: \pdf@ifprimitive is available.
Package pdftexcmds Info: \pdfdraftmode found.
)
(/usr/share/texlive/texmf-dist/tex/generic/kvsetkeys/kvsetkeys.sty
Package: kvsetkeys 2019/12/15 v1.18 Key value parser (HO)
)
(/usr/share/texlive/texmf-dist/tex/generic/kvdefinekeys/kvdefinekeys.sty
Package: kvdefinekeys 2019-12-19 v1.6 Define keys (HO)
)
(/usr/share/texlive/texmf-dist/tex/generic/pdfescape/pdfescape.sty
Package: pdfescape 2019/12/09 v1.15 Implements pdfTeX's escape features (HO)
)
(/usr/share/texlive/texmf-dist/tex/latex/hycolor/hycolor.sty
Package: hycolor 2020-01-27 v1.10 Color options for hyperref/bookmark (HO)
)
(/usr/share/texlive/texmf-dist/tex/latex/letltxmacro/letltxmacro.sty
Package: letltxmacro 2019/12/03 v1.6 Let assignment for LaTeX macros (HO)
)
(/usr/share/texlive/texmf-dist/tex/latex/auxhook/auxhook.sty
Package: auxhook 2019-12-17 v1.6 Hooks for auxiliary files (HO)
)
(/usr/share/texlive/texmf-dist/tex/latex/kvoptions/kvoptions.sty
Package: kvoptions 2020-10-07 v3.14 Key value format for package options (HO)
)
\@linkdim=\dimen141
\Hy@linkcounter=\count193
\Hy@pagecounter=\count194

(/usr/share/texlive/texmf-dist/tex/latex/hyperref/pd1enc.def
File: pd1enc.def 2021-06-07 v7.00m Hyperref: PDFDocEncoding definition (HO)
Now handling font encoding PD1 ...
... no UTF-8 mapping file for font encoding PD1
)
(/usr/share/texlive/texmf-dist/tex/latex/hyperref/hyperref-langpatches.def
File: hyperref-langpatches.def 2021-06-07 v7.00m Hyperref: patches for babel la
nguages
)
(/usr/share/texlive/texmf-dist/tex/generic/intcalc/intcalc.sty
Package: intcalc 2019/12/15 v1.3 Expandable calculations with integers (HO)
)
(/usr/share/texlive/texmf-dist/tex/generic/etexcmds/etexcmds.sty
Package: etexcmds 2019/12/15 v1.7 Avoid name clashes with e-TeX commands (HO)
)
\Hy@SavedSpaceFactor=\count195

(/usr/share/texlive/texmf-dist/tex/latex/hyperref/puenc.def
File: puenc.def 2021-06-07 v7.00m Hyperref: PDF Unicode definition (HO)
Now handling font encoding PU ...
... no UTF-8 mapping file for font encoding PU
)
Package hyperref Info: Option `colorlinks' set `true' on input line 4073.
Package hyperref Info: Hyper figures OFF on input line 4192.
Package hyperref Info: Link nesting OFF on input line 4197.
Package hyperref Info: Hyper index ON on input line 4200.
Package hyperref Info: Plain pages OFF on input line 4207.
Package hyperref Info: Backreferencing OFF on input line 4212.
Package hyperref Info: Implicit mode ON; LaTeX internals redefined.
Package hyperref Info: Bookmarks ON on input line 4445.
\c@Hy@tempcnt=\count196

(/usr/share/texlive/texmf-dist/tex/latex/url/url.sty
\Urlmuskip=\muskip16
Package: url 2013/09/16  ver 3.4  Verb mode for urls, etc.
)
LaTeX Info: Redefining \url on input line 4804.
\XeTeXLinkMargin=\dimen142

(/usr/share/texlive/texmf-dist/tex/generic/bitset/bitset.sty
Package: bitset 2019/12/09 v1.3 Handle bit-vector datatype (HO)

(/usr/share/texlive/texmf-dist/tex/generic/bigintcalc/bigintcalc.sty
Package: bigintcalc 2019/12/15 v1.5 Expandable calculations on big integers (HO
)
))
\Fld@menulength=\count197
\Field@Width=\dimen143
\Fld@charsize=\dimen144
Package hyperref Info: Hyper figures OFF on input line 6076.
Package hyperref Info: Link nesting OFF on input line 6081.
Package hyperref Info: Hyper index ON on input line 6084.
Package hyperref Info: backreferencing OFF on input line 6091.
Package hyperref Info: Link coloring OFF on input line 6096.
Package hyperref Info: Link coloring with OCG OFF on input line 6101.
Package hyperref Info: PDF/A mode OFF on input line 6106.
LaTeX Info: Redefining \ref on input line 6146.
LaTeX Info: Redefining \pageref on input line 6150.

(/usr/share/texlive/texmf-dist/tex/latex/base/atbegshi-ltx.sty
Package: atbegshi-ltx 2021/01/10 v1.0c Emulation of the original atbegshi
package with kernel methods
)
\Hy@abspage=\count198
\c@Item=\count199
\c@Hfootnote=\count266
)
Package hyperref Info: Driver (autodetected): hpdftex.

(/usr/share/texlive/texmf-dist/tex/latex/hyperref/hpdftex.def
File: hpdftex.def 2021-06-07 v7.00m Hyperref driver for pdfTeX

(/usr/share/texlive/texmf-dist/tex/latex/base/atveryend-ltx.sty
Package: atveryend-ltx 2020/08/19 v1.0a Emulation of the original atveryend pac
kage
with kernel methods
)
\Fld@listcount=\count267
\c@bookmark@seq@number=\count268

(/usr/share/texlive/texmf-dist/tex/latex/rerunfilecheck/rerunfilecheck.sty
Package: rerunfilecheck 2019/12/05 v1.9 Rerun checks for auxiliary files (HO)

(/usr/share/texlive/texmf-dist/tex/generic/uniquecounter/uniquecounter.sty
Package: uniquecounter 2019/12/15 v1.4 Provide unlimited unique counter (HO)
)
Package uniquecounter Info: New unique counter `rerunfilecheck' on input line 2
86.
)
\Hy@SectionHShift=\skip49
)
(/usr/share/texlive/texmf-dist/tex/latex/amsmath/amsmath.sty
Package: amsmath 2021/10/15 v2.17l AMS math features
\@mathmargin=\skip50

For additional information on amsmath, use the `?' option.
(/usr/share/texlive/texmf-dist/tex/latex/amsmath/amstext.sty
Package: amstext 2021/08/26 v2.01 AMS text

(/usr/share/texlive/texmf-dist/tex/latex/amsmath/amsgen.sty
File: amsgen.sty 1999/11/30 v2.0 generic functions
\@emptytoks=\toks19
\ex@=\dimen145
))
(/usr/share/texlive/texmf-dist/tex/latex/amsmath/amsbsy.sty
Package: amsbsy 1999/11/29 v1.2d Bold Symbols
\pmbraise@=\dimen146
)
(/usr/share/texlive/texmf-dist/tex/latex/amsmath/amsopn.sty
Package: amsopn 2021/08/26 v2.02 operator names
)
\inf@bad=\count269
LaTeX Info: Redefining \frac on input line 234.
\uproot@=\count270
\leftroot@=\count271
LaTeX Info: Redefining \overline on input line 399.
\classnum@=\count272
\DOTSCASE@=\count273
LaTeX Info: Redefining \ldots on input line 496.
LaTeX Info: Redefining \dots on input line 499.
LaTeX Info: Redefining \cdots on input line 620.
\Mathstrutbox@=\box50
\strutbox@=\box51
\big@size=\dimen147
LaTeX Font Info:    Redeclaring font encoding OML on input line 743.
LaTeX Font Info:    Redeclaring font encoding OMS on input line 744.
\macc@depth=\count274
\c@MaxMatrixCols=\count275
\dotsspace@=\muskip17
\c@parentequation=\count276
\dspbrk@lvl=\count277
\tag@help=\toks20
\row@=\count278
\column@=\count279
\maxfields@=\count280
\andhelp@=\toks21
\eqnshift@=\dimen148
\alignsep@=\dimen149
\tagshift@=\dimen150
\tagwidth@=\dimen151
\totwidth@=\dimen152
\lineht@=\dimen153
\@envbody=\toks22
\multlinegap=\skip51
\multlinetaggap=\skip52
\mathdisplay@stack=\toks23
LaTeX Info: Redefining \[ on input line 2938.
LaTeX Info: Redefining \] on input line 2939.
)
(/usr/share/texlive/texmf-dist/tex/latex/geometry/geometry.sty
Package: geometry 2020/01/02 v5.9 Page Geometry

(/usr/share/texlive/texmf-dist/tex/generic/iftex/ifvtex.sty
Package: ifvtex 2019/10/25 v1.7 ifvtex legacy package. Use iftex instead.
)
\Gm@cnth=\count281
\Gm@cntv=\count282
\c@Gm@tempcnt=\count283
\Gm@bindingoffset=\dimen154
\Gm@wd@mp=\dimen155
\Gm@odd@mp=\dimen156
\Gm@even@mp=\dimen157
\Gm@layoutwidth=\dimen158
\Gm@layoutheight=\dimen159
\Gm@layouthoffset=\dimen160
\Gm@layoutvoffset=\dimen161
\Gm@dimlist=\toks24
)
(/usr/share/texlive/texmf-dist/tex/latex/listings/listings.sty
\lst@mode=\count284
\lst@gtempboxa=\box52
\lst@token=\toks25
\lst@length=\count285
\lst@currlwidth=\dimen162
\lst@column=\count286
\lst@pos=\count287
\lst@lostspace=\dimen163
\lst@width=\dimen164
\lst@newlines=\count288
\lst@lineno=\count289
\lst@maxwidth=\dimen165

(/usr/share/texlive/texmf-dist/tex/latex/listings/lstmisc.sty
File: lstmisc.sty 2020/03/24 1.8d (Carsten Heinz)
\c@lstnumber=\count290
\lst@skipnumbers=\count291
\lst@framebox=\box53
)
(/usr/share/texlive/texmf-dist/tex/latex/listings/listings.cfg
File: listings.cfg 2020/03/24 1.8d listings configuration
))
Package: listings 2020/03/24 1.8d (Carsten Heinz)

(/usr/share/texlive/texmf-dist/tex/latex/graphics/color.sty
Package: color 2021/12/07 v1.3c Standard LaTeX Color (DPC)

(/usr/share/texlive/texmf-dist/tex/latex/graphics-cfg/color.cfg
File: color.cfg 2016/01/02 v1.6 sample color configuration
)
Package color Info: Driver file: pdftex.def on input line 149.
)
(/usr/share/texlive/texmf-dist/tex/latex/psnfss/courier.sty
Package: courier 2020/03/25 PSNFSS-v9.3 (WaS) 
)
(/usr/share/texlive/texmf-dist/tex/latex/float/float.sty
Package: float 2001/11/08 v1.3d Float enhancements (AL)
\c@float@type=\count292
\float@exts=\toks26
\float@box=\box54
\@float@everytoks=\toks27
\@floatcapt=\box55
)
(/usr/share/texlive/texmf-dist/tex/latex/l3backend/l3backend-pdftex.def
File: l3backend-pdftex.def 2022-01-12 L3 backend support: PDF output (pdfTeX)
\l__color_backend_stack_int=\count293
\l__pdf_internal_box=\box56
)
(./Informe de Auditoría del Sistema Web.aux

LaTeX Warning: Label `fig:xss_error' multiply defined.

)
\openout1 = `"Informe de Auditoría del Sistema Web.aux"'.

LaTeX Font Info:    Checking defaults for OML/cmm/m/it on input line 44.
LaTeX Font Info:    ... okay on input line 44.
LaTeX Font Info:    Checking defaults for OMS/cmsy/m/n on input line 44.
LaTeX Font Info:    ... okay on input line 44.
LaTeX Font Info:    Checking defaults for OT1/cmr/m/n on input line 44.
LaTeX Font Info:    ... okay on input line 44.
LaTeX Font Info:    Checking defaults for T1/cmr/m/n on input line 44.
LaTeX Font Info:    ... okay on input line 44.
LaTeX Font Info:    Checking defaults for TS1/cmr/m/n on input line 44.
LaTeX Font Info:    ... okay on input line 44.
LaTeX Font Info:    Checking defaults for OMX/cmex/m/n on input line 44.
LaTeX Font Info:    ... okay on input line 44.
LaTeX Font Info:    Checking defaults for U/cmr/m/n on input line 44.
LaTeX Font Info:    ... okay on input line 44.
LaTeX Font Info:    Checking defaults for PD1/pdf/m/n on input line 44.
LaTeX Font Info:    ... okay on input line 44.
LaTeX Font Info:    Checking defaults for PU/pdf/m/n on input line 44.
LaTeX Font Info:    ... okay on input line 44.
 (/usr/share/texlive/texmf-dist/tex/context/base/mkii/supp-pdf.mkii
[Loading MPS to PDF converter (version 2006.09.02).]
\scratchcounter=\count294
\scratchdimen=\dimen166
\scratchbox=\box57
\nofMPsegments=\count295
\nofMParguments=\count296
\everyMPshowfont=\toks28
\MPscratchCnt=\count297
\MPscratchDim=\dimen167
\MPnumerator=\count298
\makeMPintoPDFobject=\count299
\everyMPtoPDFconversion=\toks29
) (/usr/share/texlive/texmf-dist/tex/latex/epstopdf-pkg/epstopdf-base.sty
Package: epstopdf-base 2020-01-24 v2.11 Base part for package epstopdf
Package epstopdf-base Info: Redefining graphics rule for `.eps' on input line 4
85.

(/usr/share/texlive/texmf-dist/tex/latex/latexconfig/epstopdf-sys.cfg
File: epstopdf-sys.cfg 2010/07/13 v1.3 Configuration of (r)epstopdf for TeX Liv
e
))
Package hyperref Info: Link coloring OFF on input line 44.

(/usr/share/texlive/texmf-dist/tex/latex/hyperref/nameref.sty
Package: nameref 2021-04-02 v2.47 Cross-referencing by name of section

(/usr/share/texlive/texmf-dist/tex/latex/refcount/refcount.sty
Package: refcount 2019/12/15 v3.6 Data extraction from label references (HO)
)
(/usr/share/texlive/texmf-dist/tex/generic/gettitlestring/gettitlestring.sty
Package: gettitlestring 2019/12/15 v1.6 Cleanup title references (HO)
)
\c@section@level=\count300
)
LaTeX Info: Redefining \ref on input line 44.
LaTeX Info: Redefining \pageref on input line 44.
LaTeX Info: Redefining \nameref on input line 44.

(./Informe de Auditoría del Sistema Web.out)
(./Informe de Auditoría del Sistema Web.out)
\@outlinefile=\write3
\openout3 = `"Informe de Auditoría del Sistema Web.out"'.


*geometry* driver: auto-detecting
*geometry* detected driver: pdftex
*geometry* verbose mode - [ preamble ] result:
* driver: pdftex
* paper: a4paper
* layout: <same size as paper>
* layoutoffset:(h,v)=(0.0pt,0.0pt)
* modes: 
* h-part:(L,W,R)=(56.9055pt, 483.69687pt, 56.9055pt)
* v-part:(T,H,B)=(85.35826pt, 674.33032pt, 85.35826pt)
* \paperwidth=597.50787pt
* \paperheight=845.04684pt
* \textwidth=483.69687pt
* \textheight=674.33032pt
* \oddsidemargin=-15.36449pt
* \evensidemargin=-15.36449pt
* \topmargin=-23.91173pt
* \headheight=12.0pt
* \headsep=25.0pt
* \topskip=12.0pt
* \footskip=30.0pt
* \marginparwidth=35.0pt
* \marginparsep=10.0pt
* \columnsep=10.0pt
* \skip\footins=10.8pt plus 4.0pt minus 2.0pt
* \hoffset=0.0pt
* \voffset=0.0pt
* \mag=1000
* \@twocolumnfalse
* \@twosidefalse
* \@mparswitchfalse
* \@reversemarginfalse
* (1in=72.27pt=25.4mm, 1cm=28.453pt)

\c@lstlisting=\count301

LaTeX Warning: No \author given.

[1

{/var/lib/texmf/fonts/map/pdftex/updmap/pdftex.map}]
(./Informe de Auditoría del Sistema Web.toc)
\tf@toc=\write4
\openout4 = `"Informe de Auditoría del Sistema Web.toc"'.


(./Informe de Auditoría del Sistema Web.lof)
\tf@lof=\write5
\openout5 = `"Informe de Auditoría del Sistema Web.lof"'.


(./Informe de Auditoría del Sistema Web.lot)
\tf@lot=\write6
\openout6 = `"Informe de Auditoría del Sistema Web.lot"'.

 [2]

! LaTeX Error: Something's wrong--perhaps a missing \item.

See the LaTeX manual or LaTeX Companion for explanation.
Type  H <return>  for immediate help.
 ...                                              
                                                  
l.86 \subsubsection
                   {Soluciones implementadas}
Try typing  <return>  to proceed.
If that doesn't work, type  X <return>  to quit.


! LaTeX Error: Something's wrong--perhaps a missing \item.

See the LaTeX manual or LaTeX Companion for explanation.
Type  H <return>  for immediate help.
 ...                                              
                                                  
l.86 \subsubsection
                   {Soluciones implementadas}
Try typing  <return>  to proceed.
If that doesn't work, type  X <return>  to quit.


! LaTeX Error: Something's wrong--perhaps a missing \item.

See the LaTeX manual or LaTeX Companion for explanation.
Type  H <return>  for immediate help.
 ...                                              
                                                  
l.89 \begin{itemize}
                    
Try typing  <return>  to proceed.
If that doesn't work, type  X <return>  to quit.


! LaTeX Error: Something's wrong--perhaps a missing \item.

See the LaTeX manual or LaTeX Companion for explanation.
Type  H <return>  for immediate help.
 ...                                              
                                                  
l.90 	\item \textbf
                   {Integración de tokens CSRF:\\} Se ha implementado la cr...

Try typing  <return>  to proceed.
If that doesn't work, type  X <return>  to quit.


! LaTeX Error: Something's wrong--perhaps a missing \item.

See the LaTeX manual or LaTeX Companion for explanation.
Type  H <return>  for immediate help.
 ...                                              
                                                  
l.90 	\item \textbf
                   {Integración de tokens CSRF:\\} Se ha implementado la cr...

Try typing  <return>  to proceed.
If that doesn't work, type  X <return>  to quit.


! LaTeX Error: Something's wrong--perhaps a missing \item.

See the LaTeX manual or LaTeX Companion for explanation.
Type  H <return>  for immediate help.
 ...                                              
                                                  
l.90 	\item \textbf
                   {Integración de tokens CSRF:\\} Se ha implementado la cr...

Try typing  <return>  to proceed.
If that doesn't work, type  X <return>  to quit.

LaTeX Font Info:    Trying to load font information for OT1+pcr on input line 9
0.
(/usr/share/texlive/texmf-dist/tex/latex/psnfss/ot1pcr.fd
File: ot1pcr.fd 2001/06/04 font definitions for OT1/pcr.
)
! Font OT1/pcr/m/n/12=pcrr7t at 12.0pt not loadable: Metric (TFM) file not foun
d.
<to be read again> 
                   relax 
l.90 ...sto incluye archivos como \code{login.php}
                                                  , \code{register.php}, \co...
I wasn't able to read the size data for this font,
so I will ignore the font specification.
[Wizards can fix TFM files using TFtoPL/PLtoTF.]
You might try inserting a different font spec;
e.g., type `I\font<same font id>=<substitute font name>'.

Missing character: There is no l in font nullfont!
Missing character: There is no o in font nullfont!
Missing character: There is no g in font nullfont!
Missing character: There is no i in font nullfont!
Missing character: There is no n in font nullfont!
Missing character: There is no . in font nullfont!
Missing character: There is no p in font nullfont!
Missing character: There is no h in font nullfont!
Missing character: There is no p in font nullfont!
Missing character: There is no r in font nullfont!
Missing character: There is no e in font nullfont!
Missing character: There is no g in font nullfont!
Missing character: There is no i in font nullfont!
Missing character: There is no s in font nullfont!
Missing character: There is no t in font nullfont!
Missing character: There is no e in font nullfont!
Missing character: There is no r in font nullfont!
Missing character: There is no . in font nullfont!
Missing character: There is no p in font nullfont!
Missing character: There is no h in font nullfont!
Missing character: There is no p in font nullfont!
Missing character: There is no a in font nullfont!
Missing character: There is no d in font nullfont!
Missing character: There is no d in font nullfont!
Missing character: There is no i in font nullfont!
Missing character: There is no t in font nullfont!
Missing character: There is no e in font nullfont!
Missing character: There is no m in font nullfont!
Missing character: There is no . in font nullfont!
Missing character: There is no p in font nullfont!
Missing character: There is no h in font nullfont!
Missing character: There is no p in font nullfont!
Missing character: There is no m in font nullfont!
Missing character: There is no o in font nullfont!
Missing character: There is no d in font nullfont!
Missing character: There is no i in font nullfont!
Missing character: There is no f in font nullfont!
Missing character: There is no y in font nullfont!
Missing character: There is no u in font nullfont!
Missing character: There is no s in font nullfont!
Missing character: There is no e in font nullfont!
Missing character: There is no r in font nullfont!
Missing character: There is no . in font nullfont!
Missing character: There is no p in font nullfont!
Missing character: There is no h in font nullfont!
Missing character: There is no p in font nullfont!

! LaTeX Error: Something's wrong--perhaps a missing \item.

See the LaTeX manual or LaTeX Companion for explanation.
Type  H <return>  for immediate help.
 ...                                              
                                                  
l.92 		\item \textbf
                    {Generación del token CSRF:\\} Si no existe ya un token...

Try typing  <return>  to proceed.
If that doesn't work, type  X <return>  to quit.

LaTeX Font Info:    Trying to load font information for TS1+pcr on input line 9
2.
(/usr/share/texlive/texmf-dist/tex/latex/psnfss/ts1pcr.fd
File: ts1pcr.fd 2001/06/04 font definitions for TS1/pcr.
)
! Font TS1/pcr/m/n/12=pcrr8c at 12.0pt not loadable: Metric (TFM) file not foun
d.
<to be read again> 
                   relax 
l.92 ... sesión \code{\$\_SESSION['csrf\_token']}
                                                  , se genera uno nuevo usan...
I wasn't able to read the size data for this font,
so I will ignore the font specification.
[Wizards can fix TFM files using TFtoPL/PLtoTF.]
You might try inserting a different font spec;
e.g., type `I\font<same font id>=<substitute font name>'.

Missing character: There is no $ in font nullfont!
Missing character: There is no S in font nullfont!
Missing character: There is no E in font nullfont!
Missing character: There is no S in font nullfont!
Missing character: There is no S in font nullfont!
Missing character: There is no I in font nullfont!
Missing character: There is no O in font nullfont!
Missing character: There is no N in font nullfont!
Missing character: There is no [ in font nullfont!
Missing character: There is no ' in font nullfont!
Missing character: There is no c in font nullfont!
Missing character: There is no s in font nullfont!
Missing character: There is no r in font nullfont!
Missing character: There is no f in font nullfont!
Missing character: There is no t in font nullfont!
Missing character: There is no o in font nullfont!
Missing character: There is no k in font nullfont!
Missing character: There is no e in font nullfont!
Missing character: There is no n in font nullfont!
Missing character: There is no ' in font nullfont!
Missing character: There is no ] in font nullfont!
Missing character: There is no b in font nullfont!
Missing character: There is no i in font nullfont!
Missing character: There is no n in font nullfont!
Missing character: There is no 2 in font nullfont!
Missing character: There is no h in font nullfont!
Missing character: There is no e in font nullfont!
Missing character: There is no x in font nullfont!
Missing character: There is no ( in font nullfont!
Missing character: There is no r in font nullfont!
Missing character: There is no a in font nullfont!
Missing character: There is no n in font nullfont!
Missing character: There is no d in font nullfont!
Missing character: There is no o in font nullfont!
Missing character: There is no m in font nullfont!
Missing character: There is no b in font nullfont!
Missing character: There is no y in font nullfont!
Missing character: There is no t in font nullfont!
Missing character: There is no e in font nullfont!
Missing character: There is no s in font nullfont!
Missing character: There is no ( in font nullfont!
Missing character: There is no 3 in font nullfont!
Missing character: There is no 2 in font nullfont!
Missing character: There is no ) in font nullfont!
Missing character: There is no ) in font nullfont!
[3]
Missing character: There is no l in font nullfont!
Missing character: There is no o in font nullfont!
Missing character: There is no g in font nullfont!
Missing character: There is no i in font nullfont!
Missing character: There is no n in font nullfont!
Missing character: There is no . in font nullfont!
Missing character: There is no h in font nullfont!
Missing character: There is no t in font nullfont!
Missing character: There is no m in font nullfont!
Missing character: There is no l in font nullfont!
Missing character: There is no $ in font nullfont!
Missing character: There is no P in font nullfont!
Missing character: There is no O in font nullfont!
Missing character: There is no S in font nullfont!
Missing character: There is no T in font nullfont!
Missing character: There is no [ in font nullfont!
Missing character: There is no ' in font nullfont!
Missing character: There is no c in font nullfont!
Missing character: There is no s in font nullfont!
Missing character: There is no r in font nullfont!
Missing character: There is no f in font nullfont!
Missing character: There is no t in font nullfont!
Missing character: There is no o in font nullfont!
Missing character: There is no k in font nullfont!
Missing character: There is no e in font nullfont!
Missing character: There is no n in font nullfont!
Missing character: There is no ' in font nullfont!
Missing character: There is no ] in font nullfont!
Missing character: There is no d in font nullfont!
Missing character: There is no i in font nullfont!
Missing character: There is no e in font nullfont!
Missing character: There is no ( in font nullfont!
Missing character: There is no " in font nullfont!
Missing character: There is no E in font nullfont!
Missing character: There is no r in font nullfont!
Missing character: There is no r in font nullfont!
Missing character: There is no o in font nullfont!
Missing character: There is no r in font nullfont!
Missing character: There is no d in font nullfont!
Missing character: There is no e in font nullfont!
Missing character: There is no v in font nullfont!
Missing character: There is no a in font nullfont!
Missing character: There is no l in font nullfont!
Missing character: There is no i in font nullfont!
Missing character: There is no d in font nullfont!
Missing character: There is no a in font nullfont!
Missing character: There is no c in font nullfont!
Missing character: There is no i in font nullfont!
Missing character: There is no o in font nullfont!
Missing character: There is no ^^S in font nullfont!
Missing character: There is no o in font nullfont!
Missing character: There is no n in font nullfont!
Missing character: There is no C in font nullfont!
Missing character: There is no S in font nullfont!
Missing character: There is no R in font nullfont!
Missing character: There is no F in font nullfont!
Missing character: There is no " in font nullfont!
Missing character: There is no ) in font nullfont!
Missing character: There is no ; in font nullfont!
Missing character: There is no u in font nullfont!
Missing character: There is no n in font nullfont!
Missing character: There is no s in font nullfont!
Missing character: There is no e in font nullfont!
Missing character: There is no t in font nullfont!
Missing character: There is no $ in font nullfont!
Missing character: There is no S in font nullfont!
Missing character: There is no E in font nullfont!
Missing character: There is no S in font nullfont!
Missing character: There is no S in font nullfont!
Missing character: There is no I in font nullfont!
Missing character: There is no O in font nullfont!
Missing character: There is no N in font nullfont!
Missing character: There is no [ in font nullfont!
Missing character: There is no ' in font nullfont!
Missing character: There is no c in font nullfont!
Missing character: There is no s in font nullfont!
Missing character: There is no r in font nullfont!
Missing character: There is no f in font nullfont!
Missing character: There is no t in font nullfont!
Missing character: There is no o in font nullfont!
Missing character: There is no k in font nullfont!
Missing character: There is no e in font nullfont!
Missing character: There is no n in font nullfont!
Missing character: There is no ' in font nullfont!
Missing character: There is no ] in font nullfont!
Missing character: There is no s in font nullfont!
Missing character: There is no e in font nullfont!
Missing character: There is no c in font nullfont!
Missing character: There is no r in font nullfont!
Missing character: There is no e in font nullfont!
Missing character: There is no t in font nullfont!
Missing character: There is no s in font nullfont!
Missing character: There is no c in font nullfont!
Missing character: There is no l in font nullfont!
Missing character: There is no a in font nullfont!
Missing character: There is no v in font nullfont!
Missing character: There is no e in font nullfont!
Missing character: There is no C in font nullfont!
Missing character: There is no i in font nullfont!
Missing character: There is no f in font nullfont!
Missing character: There is no r in font nullfont!
Missing character: There is no a in font nullfont!
Missing character: There is no d in font nullfont!
Missing character: There is no o in font nullfont!
Missing character: There is no . in font nullfont!
Missing character: There is no e in font nullfont!
Missing character: There is no n in font nullfont!
Missing character: There is no v in font nullfont!
Missing character: There is no p in font nullfont!
Missing character: There is no a in font nullfont!
Missing character: There is no s in font nullfont!
Missing character: There is no s in font nullfont!
Missing character: There is no w in font nullfont!
Missing character: There is no o in font nullfont!
Missing character: There is no r in font nullfont!
Missing character: There is no d in font nullfont!
Missing character: There is no h in font nullfont!
Missing character: There is no a in font nullfont!
Missing character: There is no s in font nullfont!
Missing character: There is no h in font nullfont!
Missing character: There is no P in font nullfont!
Missing character: There is no A in font nullfont!
Missing character: There is no S in font nullfont!
Missing character: There is no S in font nullfont!
Missing character: There is no W in font nullfont!
Missing character: There is no O in font nullfont!
Missing character: There is no R in font nullfont!
Missing character: There is no D in font nullfont!
Missing character: There is no B in font nullfont!
Missing character: There is no C in font nullfont!
Missing character: There is no R in font nullfont!
Missing character: There is no Y in font nullfont!
Missing character: There is no P in font nullfont!
Missing character: There is no T in font nullfont!

Underfull \hbox (badness 10000) in paragraph at lines 110--119

 []


Underfull \hbox (badness 10000) in paragraph at lines 110--119

 []

[4]
Underfull \hbox (badness 10000) in paragraph at lines 125--127

 []

<figures/injection-error.png, id=209, 1327.96124pt x 744.7825pt>
File: figures/injection-error.png Graphic file (type png)
<use figures/injection-error.png>
Package pdftex.def Info: figures/injection-error.png  used on input line 132.
(pdftex.def)             Requested size: 338.58632pt x 189.88861pt.
[5]
Missing character: There is no m in font nullfont!
Missing character: There is no o in font nullfont!
Missing character: There is no d in font nullfont!
Missing character: There is no i in font nullfont!
Missing character: There is no f in font nullfont!
Missing character: There is no y in font nullfont!
Missing character: There is no i in font nullfont!
Missing character: There is no t in font nullfont!
Missing character: There is no e in font nullfont!
Missing character: There is no m in font nullfont!
Missing character: There is no . in font nullfont!
Missing character: There is no p in font nullfont!
Missing character: There is no h in font nullfont!
Missing character: There is no p in font nullfont!
Missing character: There is no < in font nullfont!
Missing character: There is no s in font nullfont!
Missing character: There is no c in font nullfont!
Missing character: There is no r in font nullfont!
Missing character: There is no i in font nullfont!
Missing character: There is no p in font nullfont!
Missing character: There is no t in font nullfont!
Missing character: There is no > in font nullfont!
Missing character: There is no a in font nullfont!
Missing character: There is no l in font nullfont!
Missing character: There is no e in font nullfont!
Missing character: There is no r in font nullfont!
Missing character: There is no t in font nullfont!
Missing character: There is no ( in font nullfont!
Missing character: There is no 1 in font nullfont!
Missing character: There is no ) in font nullfont!
Missing character: There is no ; in font nullfont!
Missing character: There is no < in font nullfont!
Missing character: There is no / in font nullfont!
Missing character: There is no s in font nullfont!
Missing character: There is no c in font nullfont!
Missing character: There is no r in font nullfont!
Missing character: There is no i in font nullfont!
Missing character: There is no p in font nullfont!
Missing character: There is no t in font nullfont!
Missing character: There is no > in font nullfont!
Missing character: There is no i in font nullfont!
Missing character: There is no d in font nullfont!
Missing character: There is no s in font nullfont!
Missing character: There is no h in font nullfont!
Missing character: There is no o in font nullfont!
Missing character: There is no w in font nullfont!
Missing character: There is no u in font nullfont!
Missing character: There is no s in font nullfont!
Missing character: There is no e in font nullfont!
Missing character: There is no r in font nullfont!
Missing character: There is no . in font nullfont!
Missing character: There is no p in font nullfont!
Missing character: There is no h in font nullfont!
Missing character: There is no p in font nullfont!
Missing character: There is no i in font nullfont!
Missing character: There is no d in font nullfont!
[6pdfTeX warning (ext4): destination with the same identifier (name{figure.1}) 
has been already used, duplicate ignored
<argument> ...shipout:D \box_use:N \l_shipout_box 
                                                  \__shipout_drop_firstpage_...
l.161 
       <./figures/injection-error.png>]
Missing character: There is no 1 in font nullfont!
Missing character: There is no 7 in font nullfont!
Missing character: There is no 5 in font nullfont!
Missing character: There is no 0 in font nullfont!
Missing character: There is no ' in font nullfont!
Missing character: There is no A in font nullfont!
Missing character: There is no N in font nullfont!
Missing character: There is no D in font nullfont!
Missing character: There is no ' in font nullfont!
Missing character: There is no 1 in font nullfont!
Missing character: There is no ' in font nullfont!
Missing character: There is no = in font nullfont!
Missing character: There is no ' in font nullfont!
Missing character: There is no 1 in font nullfont!
Missing character: There is no ' in font nullfont!
Missing character: There is no - in font nullfont!
Missing character: There is no - in font nullfont!
Missing character: There is no ' in font nullfont!
Missing character: There is no 1 in font nullfont!
Missing character: There is no ' in font nullfont!
Missing character: There is no = in font nullfont!
Missing character: There is no ' in font nullfont!
Missing character: There is no 1 in font nullfont!
Missing character: There is no ' in font nullfont!
Missing character: There is no - in font nullfont!
Missing character: There is no - in font nullfont!
Missing character: There is no h in font nullfont!
Missing character: There is no t in font nullfont!
Missing character: There is no m in font nullfont!
Missing character: There is no l in font nullfont!
Missing character: There is no s in font nullfont!
Missing character: There is no p in font nullfont!
Missing character: There is no e in font nullfont!
Missing character: There is no c in font nullfont!
Missing character: There is no i in font nullfont!
Missing character: There is no a in font nullfont!
Missing character: There is no l in font nullfont!
Missing character: There is no c in font nullfont!
Missing character: There is no h in font nullfont!
Missing character: There is no a in font nullfont!
Missing character: There is no r in font nullfont!
Missing character: There is no s in font nullfont!
Missing character: There is no ( in font nullfont!
Missing character: There is no ) in font nullfont!
Missing character: There is no p in font nullfont!
Missing character: There is no r in font nullfont!
Missing character: There is no e in font nullfont!
Missing character: There is no g in font nullfont!
Missing character: There is no m in font nullfont!
Missing character: There is no a in font nullfont!
Missing character: There is no t in font nullfont!
Missing character: There is no c in font nullfont!
Missing character: There is no h in font nullfont!
Missing character: There is no Y in font nullfont!
Missing character: There is no Y in font nullfont!
Missing character: There is no Y in font nullfont!
Missing character: There is no Y in font nullfont!
Missing character: There is no - in font nullfont!
Missing character: There is no M in font nullfont!
Missing character: There is no M in font nullfont!
Missing character: There is no - in font nullfont!
Missing character: There is no D in font nullfont!
Missing character: There is no D in font nullfont!
Missing character: There is no m in font nullfont!
Missing character: There is no y in font nullfont!
Missing character: There is no s in font nullfont!
Missing character: There is no q in font nullfont!
Missing character: There is no l in font nullfont!
Missing character: There is no i in font nullfont!
Missing character: There is no r in font nullfont!
Missing character: There is no e in font nullfont!
Missing character: There is no a in font nullfont!
Missing character: There is no l in font nullfont!
Missing character: There is no e in font nullfont!
Missing character: There is no s in font nullfont!
Missing character: There is no c in font nullfont!
Missing character: There is no a in font nullfont!
Missing character: There is no p in font nullfont!
Missing character: There is no e in font nullfont!
Missing character: There is no s in font nullfont!
Missing character: There is no t in font nullfont!
Missing character: There is no r in font nullfont!
Missing character: There is no i in font nullfont!
Missing character: There is no n in font nullfont!
Missing character: There is no g in font nullfont!
Missing character: There is no ( in font nullfont!
Missing character: There is no ) in font nullfont!
Missing character: There is no f in font nullfont!
Missing character: There is no l in font nullfont!
Missing character: There is no o in font nullfont!
Missing character: There is no a in font nullfont!
Missing character: There is no t in font nullfont!
Missing character: There is no v in font nullfont!
Missing character: There is no a in font nullfont!
Missing character: There is no l in font nullfont!
Missing character: There is no ( in font nullfont!
Missing character: There is no ) in font nullfont!
Missing character: There is no b in font nullfont!
Missing character: There is no i in font nullfont!
Missing character: There is no n in font nullfont!
Missing character: There is no d in font nullfont!
Missing character: There is no p in font nullfont!
Missing character: There is no a in font nullfont!
Missing character: There is no r in font nullfont!
Missing character: There is no a in font nullfont!
Missing character: There is no m in font nullfont!
Missing character: There is no ( in font nullfont!
Missing character: There is no ) in font nullfont!
Missing character: There is no i in font nullfont!
Missing character: There is no n in font nullfont!
Missing character: There is no t in font nullfont!
Missing character: There is no v in font nullfont!
Missing character: There is no a in font nullfont!
Missing character: There is no l in font nullfont!
Missing character: There is no ( in font nullfont!
Missing character: There is no ) in font nullfont!
[7]
Overfull \hbox (2.93143pt too wide) in paragraph at lines 196--198
\OT1/cmr/m/n/12 De-spu^^Ses de im-ple-men-tar las solu-ciones de-scritas, se re
-aliz^^So un se-gundo an^^Salisis con OWASP
 []


Underfull \hbox (badness 10000) in paragraph at lines 208--209

 []

Missing character: There is no ! in font nullfont!
Missing character: There is no f in font nullfont!
Missing character: There is no o in font nullfont!
Missing character: There is no r in font nullfont!
Missing character: There is no m in font nullfont!
Missing character: There is no u in font nullfont!
Missing character: There is no l in font nullfont!
Missing character: There is no a in font nullfont!
Missing character: There is no r in font nullfont!
Missing character: There is no i in font nullfont!
Missing character: There is no o in font nullfont!
Missing character: There is no . in font nullfont!
Missing character: There is no c in font nullfont!
Missing character: There is no h in font nullfont!
Missing character: There is no e in font nullfont!
Missing character: There is no c in font nullfont!
Missing character: There is no k in font nullfont!
Missing character: There is no V in font nullfont!
Missing character: There is no a in font nullfont!
Missing character: There is no l in font nullfont!
Missing character: There is no i in font nullfont!
Missing character: There is no d in font nullfont!
Missing character: There is no i in font nullfont!
Missing character: There is no t in font nullfont!
Missing character: There is no y in font nullfont!
Missing character: There is no ( in font nullfont!
Missing character: There is no ) in font nullfont!
[8]
Missing character: There is no v in font nullfont!
Missing character: There is no a in font nullfont!
Missing character: There is no l in font nullfont!
Missing character: There is no i in font nullfont!
Missing character: There is no d in font nullfont!
Missing character: There is no a in font nullfont!
Missing character: There is no r in font nullfont!
Missing character: There is no N in font nullfont!
Missing character: There is no o in font nullfont!
Missing character: There is no m in font nullfont!
Missing character: There is no b in font nullfont!
Missing character: There is no r in font nullfont!
Missing character: There is no e in font nullfont!
Missing character: There is no ( in font nullfont!
Missing character: There is no n in font nullfont!
Missing character: There is no o in font nullfont!
Missing character: There is no m in font nullfont!
Missing character: There is no b in font nullfont!
Missing character: There is no r in font nullfont!
Missing character: There is no e in font nullfont!
Missing character: There is no ) in font nullfont!
Missing character: There is no v in font nullfont!
Missing character: There is no a in font nullfont!
Missing character: There is no l in font nullfont!
Missing character: There is no i in font nullfont!
Missing character: There is no d in font nullfont!
Missing character: There is no a in font nullfont!
Missing character: There is no r in font nullfont!
Missing character: There is no D in font nullfont!
Missing character: There is no N in font nullfont!
Missing character: There is no I in font nullfont!
Missing character: There is no ( in font nullfont!
Missing character: There is no d in font nullfont!
Missing character: There is no n in font nullfont!
Missing character: There is no i in font nullfont!
Missing character: There is no ) in font nullfont!
Missing character: There is no v in font nullfont!
Missing character: There is no a in font nullfont!
Missing character: There is no l in font nullfont!
Missing character: There is no i in font nullfont!
Missing character: There is no d in font nullfont!
Missing character: There is no a in font nullfont!
Missing character: There is no r in font nullfont!
Missing character: There is no E in font nullfont!
Missing character: There is no m in font nullfont!
Missing character: There is no a in font nullfont!
Missing character: There is no i in font nullfont!
Missing character: There is no l in font nullfont!
Missing character: There is no ( in font nullfont!
Missing character: There is no e in font nullfont!
Missing character: There is no m in font nullfont!
Missing character: There is no a in font nullfont!
Missing character: There is no i in font nullfont!
Missing character: There is no l in font nullfont!
Missing character: There is no ) in font nullfont!
Missing character: There is no v in font nullfont!
Missing character: There is no a in font nullfont!
Missing character: There is no l in font nullfont!
Missing character: There is no i in font nullfont!
Missing character: There is no d in font nullfont!
Missing character: There is no a in font nullfont!
Missing character: There is no r in font nullfont!
Missing character: There is no C in font nullfont!
Missing character: There is no o in font nullfont!
Missing character: There is no n in font nullfont!
Missing character: There is no t in font nullfont!
Missing character: There is no r in font nullfont!
Missing character: There is no a in font nullfont!
Missing character: There is no s in font nullfont!
Missing character: There is no e in font nullfont!
Missing character: There is no n in font nullfont!
Missing character: There is no ~ in font nullfont!
Missing character: There is no n in font nullfont!
Missing character: There is no a in font nullfont!
Missing character: There is no ( in font nullfont!
Missing character: There is no c in font nullfont!
Missing character: There is no o in font nullfont!
Missing character: There is no n in font nullfont!
Missing character: There is no t in font nullfont!
Missing character: There is no r in font nullfont!
Missing character: There is no a in font nullfont!
Missing character: There is no s in font nullfont!
Missing character: There is no e in font nullfont!
Missing character: There is no n in font nullfont!
Missing character: There is no ~ in font nullfont!
Missing character: There is no n in font nullfont!
Missing character: There is no a in font nullfont!
Missing character: There is no ) in font nullfont!
[9]

LaTeX Warning: File `figures/DesplazamientoBoton.png' not found on input line 2
58.


! Package pdftex.def Error: File `figures/DesplazamientoBoton.png' not found: u
sing draft setting.

See the pdftex.def package documentation for explanation.
Type  H <return>  for immediate help.
 ...                                              
                                                  
l.258 ...twidth]{figures/DesplazamientoBoton.png}}
                                                   % Imagen con borde negro
Try typing  <return>  to proceed.
If that doesn't work, type  X <return>  to quit.

Missing character: There is no f in font nullfont!
Missing character: There is no i in font nullfont!
Missing character: There is no g in font nullfont!
Missing character: There is no u in font nullfont!
Missing character: There is no r in font nullfont!
Missing character: There is no e in font nullfont!
Missing character: There is no s in font nullfont!
Missing character: There is no / in font nullfont!
Missing character: There is no D in font nullfont!
Missing character: There is no e in font nullfont!
Missing character: There is no s in font nullfont!
Missing character: There is no p in font nullfont!
Missing character: There is no l in font nullfont!
Missing character: There is no a in font nullfont!
Missing character: There is no z in font nullfont!
Missing character: There is no a in font nullfont!
Missing character: There is no m in font nullfont!
Missing character: There is no i in font nullfont!
Missing character: There is no e in font nullfont!
Missing character: There is no n in font nullfont!
Missing character: There is no t in font nullfont!
Missing character: There is no o in font nullfont!
Missing character: There is no B in font nullfont!
Missing character: There is no o in font nullfont!
Missing character: There is no t in font nullfont!
Missing character: There is no o in font nullfont!
Missing character: There is no n in font nullfont!
Missing character: There is no . in font nullfont!
Missing character: There is no p in font nullfont!
Missing character: There is no n in font nullfont!
Missing character: There is no g in font nullfont!

Underfull \hbox (badness 10000) in paragraph at lines 276--277

 []

[10pdfTeX warning (ext4): destination with the same identifier (name{figure.2})
 has been already used, duplicate ignored
<argument> ...shipout:D \box_use:N \l_shipout_box 
                                                  \__shipout_drop_firstpage_...
l.278 U
       n fallo de identificación ocurre cuando el sistema no reconoce quié...
]
Underfull \hbox (badness 10000) in paragraph at lines 280--282

 []


Underfull \hbox (badness 10000) in paragraph at lines 283--284

 []

[11]
Missing character: There is no f in font nullfont!
Missing character: There is no u in font nullfont!
Missing character: There is no n in font nullfont!
Missing character: There is no c in font nullfont!
Missing character: There is no t in font nullfont!
Missing character: There is no i in font nullfont!
Missing character: There is no o in font nullfont!
Missing character: There is no n in font nullfont!
Missing character: There is no c in font nullfont!
Missing character: There is no h in font nullfont!
Missing character: There is no e in font nullfont!
Missing character: There is no c in font nullfont!
Missing character: There is no k in font nullfont!
Missing character: There is no F in font nullfont!
Missing character: There is no a in font nullfont!
Missing character: There is no i in font nullfont!
Missing character: There is no l in font nullfont!
Missing character: There is no e in font nullfont!
Missing character: There is no d in font nullfont!
Missing character: There is no A in font nullfont!
Missing character: There is no t in font nullfont!
Missing character: There is no t in font nullfont!
Missing character: There is no e in font nullfont!
Missing character: There is no m in font nullfont!
Missing character: There is no p in font nullfont!
Missing character: There is no t in font nullfont!
Missing character: There is no s in font nullfont!
Missing character: There is no ( in font nullfont!
Missing character: There is no e in font nullfont!
Missing character: There is no m in font nullfont!
Missing character: There is no a in font nullfont!
Missing character: There is no i in font nullfont!
Missing character: There is no l in font nullfont!
Missing character: There is no , in font nullfont!
Missing character: There is no l in font nullfont!
Missing character: There is no o in font nullfont!
Missing character: There is no g in font nullfont!
Missing character: There is no f in font nullfont!
Missing character: There is no i in font nullfont!
Missing character: There is no l in font nullfont!
Missing character: There is no e in font nullfont!
Missing character: There is no , in font nullfont!
Missing character: There is no m in font nullfont!
Missing character: There is no a in font nullfont!
Missing character: There is no x in font nullfont!
Missing character: There is no a in font nullfont!
Missing character: There is no t in font nullfont!
Missing character: There is no t in font nullfont!
Missing character: There is no e in font nullfont!
Missing character: There is no m in font nullfont!
Missing character: There is no p in font nullfont!
Missing character: There is no t in font nullfont!
Missing character: There is no s in font nullfont!
Missing character: There is no = in font nullfont!
Missing character: There is no 5 in font nullfont!
Missing character: There is no , in font nullfont!
Missing character: There is no l in font nullfont!
Missing character: There is no o in font nullfont!
Missing character: There is no c in font nullfont!
Missing character: There is no k in font nullfont!
Missing character: There is no t in font nullfont!
Missing character: There is no i in font nullfont!
Missing character: There is no m in font nullfont!
Missing character: There is no e in font nullfont!
Missing character: There is no = in font nullfont!
Missing character: There is no 6 in font nullfont!
Missing character: There is no 0 in font nullfont!
Missing character: There is no 0 in font nullfont!
Missing character: There is no ) in font nullfont!
! \textfont 0 is undefined (character h).
\Url@FormatString ...\Url@String \UrlRight \m@th $
                                                  
l.328 ...ttps://owasp.org/www-community/Injection}
                                                   (accedido 11/07/2024).
Somewhere in the math formula just ended, you used the
stated character from an undefined font family. For example,
plain TeX doesn't allow \it or \sl in subscripts. Proceed,
and I'll try to forget that I needed that character.

! \textfont 0 is undefined (character t).
\Url@FormatString ...\Url@String \UrlRight \m@th $
                                                  
l.328 ...ttps://owasp.org/www-community/Injection}
                                                   (accedido 11/07/2024).
Somewhere in the math formula just ended, you used the
stated character from an undefined font family. For example,
plain TeX doesn't allow \it or \sl in subscripts. Proceed,
and I'll try to forget that I needed that character.

! \textfont 0 is undefined (character t).
\Url@FormatString ...\Url@String \UrlRight \m@th $
                                                  
l.328 ...ttps://owasp.org/www-community/Injection}
                                                   (accedido 11/07/2024).
Somewhere in the math formula just ended, you used the
stated character from an undefined font family. For example,
plain TeX doesn't allow \it or \sl in subscripts. Proceed,
and I'll try to forget that I needed that character.

! \textfont 0 is undefined (character p).
\Url@FormatString ...\Url@String \UrlRight \m@th $
                                                  
l.328 ...ttps://owasp.org/www-community/Injection}
                                                   (accedido 11/07/2024).
Somewhere in the math formula just ended, you used the
stated character from an undefined font family. For example,
plain TeX doesn't allow \it or \sl in subscripts. Proceed,
and I'll try to forget that I needed that character.

! \textfont 0 is undefined (character s).
\Url@FormatString ...\Url@String \UrlRight \m@th $
                                                  
l.328 ...ttps://owasp.org/www-community/Injection}
                                                   (accedido 11/07/2024).
Somewhere in the math formula just ended, you used the
stated character from an undefined font family. For example,
plain TeX doesn't allow \it or \sl in subscripts. Proceed,
and I'll try to forget that I needed that character.

! \textfont 0 is undefined (character :).
\Url@FormatString ...\Url@String \UrlRight \m@th $
                                                  
l.328 ...ttps://owasp.org/www-community/Injection}
                                                   (accedido 11/07/2024).
Somewhere in the math formula just ended, you used the
stated character from an undefined font family. For example,
plain TeX doesn't allow \it or \sl in subscripts. Proceed,
and I'll try to forget that I needed that character.

! \textfont 0 is undefined (character /).
\Url@FormatString ...\Url@String \UrlRight \m@th $
                                                  
l.328 ...ttps://owasp.org/www-community/Injection}
                                                   (accedido 11/07/2024).
Somewhere in the math formula just ended, you used the
stated character from an undefined font family. For example,
plain TeX doesn't allow \it or \sl in subscripts. Proceed,
and I'll try to forget that I needed that character.

! \textfont 0 is undefined (character /).
\Url@FormatString ...\Url@String \UrlRight \m@th $
                                                  
l.328 ...ttps://owasp.org/www-community/Injection}
                                                   (accedido 11/07/2024).
Somewhere in the math formula just ended, you used the
stated character from an undefined font family. For example,
plain TeX doesn't allow \it or \sl in subscripts. Proceed,
and I'll try to forget that I needed that character.

! \textfont 0 is undefined (character o).
\Url@FormatString ...\Url@String \UrlRight \m@th $
                                                  
l.328 ...ttps://owasp.org/www-community/Injection}
                                                   (accedido 11/07/2024).
Somewhere in the math formula just ended, you used the
stated character from an undefined font family. For example,
plain TeX doesn't allow \it or \sl in subscripts. Proceed,
and I'll try to forget that I needed that character.

! \textfont 0 is undefined (character w).
\Url@FormatString ...\Url@String \UrlRight \m@th $
                                                  
l.328 ...ttps://owasp.org/www-community/Injection}
                                                   (accedido 11/07/2024).
Somewhere in the math formula just ended, you used the
stated character from an undefined font family. For example,
plain TeX doesn't allow \it or \sl in subscripts. Proceed,
and I'll try to forget that I needed that character.

! \textfont 0 is undefined (character a).
\Url@FormatString ...\Url@String \UrlRight \m@th $
                                                  
l.328 ...ttps://owasp.org/www-community/Injection}
                                                   (accedido 11/07/2024).
Somewhere in the math formula just ended, you used the
stated character from an undefined font family. For example,
plain TeX doesn't allow \it or \sl in subscripts. Proceed,
and I'll try to forget that I needed that character.

! \textfont 0 is undefined (character s).
\Url@FormatString ...\Url@String \UrlRight \m@th $
                                                  
l.328 ...ttps://owasp.org/www-community/Injection}
                                                   (accedido 11/07/2024).
Somewhere in the math formula just ended, you used the
stated character from an undefined font family. For example,
plain TeX doesn't allow \it or \sl in subscripts. Proceed,
and I'll try to forget that I needed that character.

! \textfont 0 is undefined (character p).
\Url@FormatString ...\Url@String \UrlRight \m@th $
                                                  
l.328 ...ttps://owasp.org/www-community/Injection}
                                                   (accedido 11/07/2024).
Somewhere in the math formula just ended, you used the
stated character from an undefined font family. For example,
plain TeX doesn't allow \it or \sl in subscripts. Proceed,
and I'll try to forget that I needed that character.

! \textfont 0 is undefined (character .).
\Url@FormatString ...\Url@String \UrlRight \m@th $
                                                  
l.328 ...ttps://owasp.org/www-community/Injection}
                                                   (accedido 11/07/2024).
Somewhere in the math formula just ended, you used the
stated character from an undefined font family. For example,
plain TeX doesn't allow \it or \sl in subscripts. Proceed,
and I'll try to forget that I needed that character.

! \textfont 0 is undefined (character o).
\Url@FormatString ...\Url@String \UrlRight \m@th $
                                                  
l.328 ...ttps://owasp.org/www-community/Injection}
                                                   (accedido 11/07/2024).
Somewhere in the math formula just ended, you used the
stated character from an undefined font family. For example,
plain TeX doesn't allow \it or \sl in subscripts. Proceed,
and I'll try to forget that I needed that character.

! \textfont 0 is undefined (character r).
\Url@FormatString ...\Url@String \UrlRight \m@th $
                                                  
l.328 ...ttps://owasp.org/www-community/Injection}
                                                   (accedido 11/07/2024).
Somewhere in the math formula just ended, you used the
stated character from an undefined font family. For example,
plain TeX doesn't allow \it or \sl in subscripts. Proceed,
and I'll try to forget that I needed that character.

! \textfont 0 is undefined (character g).
\Url@FormatString ...\Url@String \UrlRight \m@th $
                                                  
l.328 ...ttps://owasp.org/www-community/Injection}
                                                   (accedido 11/07/2024).
Somewhere in the math formula just ended, you used the
stated character from an undefined font family. For example,
plain TeX doesn't allow \it or \sl in subscripts. Proceed,
and I'll try to forget that I needed that character.

! \textfont 0 is undefined (character /).
\Url@FormatString ...\Url@String \UrlRight \m@th $
                                                  
l.328 ...ttps://owasp.org/www-community/Injection}
                                                   (accedido 11/07/2024).
Somewhere in the math formula just ended, you used the
stated character from an undefined font family. For example,
plain TeX doesn't allow \it or \sl in subscripts. Proceed,
and I'll try to forget that I needed that character.

! \textfont 0 is undefined (character w).
\Url@FormatString ...\Url@String \UrlRight \m@th $
                                                  
l.328 ...ttps://owasp.org/www-community/Injection}
                                                   (accedido 11/07/2024).
Somewhere in the math formula just ended, you used the
stated character from an undefined font family. For example,
plain TeX doesn't allow \it or \sl in subscripts. Proceed,
and I'll try to forget that I needed that character.

! \textfont 0 is undefined (character w).
\Url@FormatString ...\Url@String \UrlRight \m@th $
                                                  
l.328 ...ttps://owasp.org/www-community/Injection}
                                                   (accedido 11/07/2024).
Somewhere in the math formula just ended, you used the
stated character from an undefined font family. For example,
plain TeX doesn't allow \it or \sl in subscripts. Proceed,
and I'll try to forget that I needed that character.

! \textfont 0 is undefined (character w).
\Url@FormatString ...\Url@String \UrlRight \m@th $
                                                  
l.328 ...ttps://owasp.org/www-community/Injection}
                                                   (accedido 11/07/2024).
Somewhere in the math formula just ended, you used the
stated character from an undefined font family. For example,
plain TeX doesn't allow \it or \sl in subscripts. Proceed,
and I'll try to forget that I needed that character.

! \textfont 0 is undefined (character -).
\Url@FormatString ...\Url@String \UrlRight \m@th $
                                                  
l.328 ...ttps://owasp.org/www-community/Injection}
                                                   (accedido 11/07/2024).
Somewhere in the math formula just ended, you used the
stated character from an undefined font family. For example,
plain TeX doesn't allow \it or \sl in subscripts. Proceed,
and I'll try to forget that I needed that character.

! \textfont 0 is undefined (character c).
\Url@FormatString ...\Url@String \UrlRight \m@th $
                                                  
l.328 ...ttps://owasp.org/www-community/Injection}
                                                   (accedido 11/07/2024).
Somewhere in the math formula just ended, you used the
stated character from an undefined font family. For example,
plain TeX doesn't allow \it or \sl in subscripts. Proceed,
and I'll try to forget that I needed that character.

! \textfont 0 is undefined (character o).
\Url@FormatString ...\Url@String \UrlRight \m@th $
                                                  
l.328 ...ttps://owasp.org/www-community/Injection}
                                                   (accedido 11/07/2024).
Somewhere in the math formula just ended, you used the
stated character from an undefined font family. For example,
plain TeX doesn't allow \it or \sl in subscripts. Proceed,
and I'll try to forget that I needed that character.

! \textfont 0 is undefined (character m).
\Url@FormatString ...\Url@String \UrlRight \m@th $
                                                  
l.328 ...ttps://owasp.org/www-community/Injection}
                                                   (accedido 11/07/2024).
Somewhere in the math formula just ended, you used the
stated character from an undefined font family. For example,
plain TeX doesn't allow \it or \sl in subscripts. Proceed,
and I'll try to forget that I needed that character.

! \textfont 0 is undefined (character m).
\Url@FormatString ...\Url@String \UrlRight \m@th $
                                                  
l.328 ...ttps://owasp.org/www-community/Injection}
                                                   (accedido 11/07/2024).
Somewhere in the math formula just ended, you used the
stated character from an undefined font family. For example,
plain TeX doesn't allow \it or \sl in subscripts. Proceed,
and I'll try to forget that I needed that character.

! \textfont 0 is undefined (character u).
\Url@FormatString ...\Url@String \UrlRight \m@th $
                                                  
l.328 ...ttps://owasp.org/www-community/Injection}
                                                   (accedido 11/07/2024).
Somewhere in the math formula just ended, you used the
stated character from an undefined font family. For example,
plain TeX doesn't allow \it or \sl in subscripts. Proceed,
and I'll try to forget that I needed that character.

! \textfont 0 is undefined (character n).
\Url@FormatString ...\Url@String \UrlRight \m@th $
                                                  
l.328 ...ttps://owasp.org/www-community/Injection}
                                                   (accedido 11/07/2024).
Somewhere in the math formula just ended, you used the
stated character from an undefined font family. For example,
plain TeX doesn't allow \it or \sl in subscripts. Proceed,
and I'll try to forget that I needed that character.

! \textfont 0 is undefined (character i).
\Url@FormatString ...\Url@String \UrlRight \m@th $
                                                  
l.328 ...ttps://owasp.org/www-community/Injection}
                                                   (accedido 11/07/2024).
Somewhere in the math formula just ended, you used the
stated character from an undefined font family. For example,
plain TeX doesn't allow \it or \sl in subscripts. Proceed,
and I'll try to forget that I needed that character.

! \textfont 0 is undefined (character t).
\Url@FormatString ...\Url@String \UrlRight \m@th $
                                                  
l.328 ...ttps://owasp.org/www-community/Injection}
                                                   (accedido 11/07/2024).
Somewhere in the math formula just ended, you used the
stated character from an undefined font family. For example,
plain TeX doesn't allow \it or \sl in subscripts. Proceed,
and I'll try to forget that I needed that character.

! \textfont 0 is undefined (character y).
\Url@FormatString ...\Url@String \UrlRight \m@th $
                                                  
l.328 ...ttps://owasp.org/www-community/Injection}
                                                   (accedido 11/07/2024).
Somewhere in the math formula just ended, you used the
stated character from an undefined font family. For example,
plain TeX doesn't allow \it or \sl in subscripts. Proceed,
and I'll try to forget that I needed that character.

! \textfont 0 is undefined (character /).
\Url@FormatString ...\Url@String \UrlRight \m@th $
                                                  
l.328 ...ttps://owasp.org/www-community/Injection}
                                                   (accedido 11/07/2024).
Somewhere in the math formula just ended, you used the
stated character from an undefined font family. For example,
plain TeX doesn't allow \it or \sl in subscripts. Proceed,
and I'll try to forget that I needed that character.

! \textfont 0 is undefined (character I).
\Url@FormatString ...\Url@String \UrlRight \m@th $
                                                  
l.328 ...ttps://owasp.org/www-community/Injection}
                                                   (accedido 11/07/2024).
Somewhere in the math formula just ended, you used the
stated character from an undefined font family. For example,
plain TeX doesn't allow \it or \sl in subscripts. Proceed,
and I'll try to forget that I needed that character.

! \textfont 0 is undefined (character n).
\Url@FormatString ...\Url@String \UrlRight \m@th $
                                                  
l.328 ...ttps://owasp.org/www-community/Injection}
                                                   (accedido 11/07/2024).
Somewhere in the math formula just ended, you used the
stated character from an undefined font family. For example,
plain TeX doesn't allow \it or \sl in subscripts. Proceed,
and I'll try to forget that I needed that character.

! \textfont 0 is undefined (character j).
\Url@FormatString ...\Url@String \UrlRight \m@th $
                                                  
l.328 ...ttps://owasp.org/www-community/Injection}
                                                   (accedido 11/07/2024).
Somewhere in the math formula just ended, you used the
stated character from an undefined font family. For example,
plain TeX doesn't allow \it or \sl in subscripts. Proceed,
and I'll try to forget that I needed that character.

! \textfont 0 is undefined (character e).
\Url@FormatString ...\Url@String \UrlRight \m@th $
                                                  
l.328 ...ttps://owasp.org/www-community/Injection}
                                                   (accedido 11/07/2024).
Somewhere in the math formula just ended, you used the
stated character from an undefined font family. For example,
plain TeX doesn't allow \it or \sl in subscripts. Proceed,
and I'll try to forget that I needed that character.

! \textfont 0 is undefined (character c).
\Url@FormatString ...\Url@String \UrlRight \m@th $
                                                  
l.328 ...ttps://owasp.org/www-community/Injection}
                                                   (accedido 11/07/2024).
Somewhere in the math formula just ended, you used the
stated character from an undefined font family. For example,
plain TeX doesn't allow \it or \sl in subscripts. Proceed,
and I'll try to forget that I needed that character.

! \textfont 0 is undefined (character t).
\Url@FormatString ...\Url@String \UrlRight \m@th $
                                                  
l.328 ...ttps://owasp.org/www-community/Injection}
                                                   (accedido 11/07/2024).
Somewhere in the math formula just ended, you used the
stated character from an undefined font family. For example,
plain TeX doesn't allow \it or \sl in subscripts. Proceed,
and I'll try to forget that I needed that character.

! \textfont 0 is undefined (character i).
\Url@FormatString ...\Url@String \UrlRight \m@th $
                                                  
l.328 ...ttps://owasp.org/www-community/Injection}
                                                   (accedido 11/07/2024).
Somewhere in the math formula just ended, you used the
stated character from an undefined font family. For example,
plain TeX doesn't allow \it or \sl in subscripts. Proceed,
and I'll try to forget that I needed that character.

! \textfont 0 is undefined (character o).
\Url@FormatString ...\Url@String \UrlRight \m@th $
                                                  
l.328 ...ttps://owasp.org/www-community/Injection}
                                                   (accedido 11/07/2024).
Somewhere in the math formula just ended, you used the
stated character from an undefined font family. For example,
plain TeX doesn't allow \it or \sl in subscripts. Proceed,
and I'll try to forget that I needed that character.

! \textfont 0 is undefined (character n).
\Url@FormatString ...\Url@String \UrlRight \m@th $
                                                  
l.328 ...ttps://owasp.org/www-community/Injection}
                                                   (accedido 11/07/2024).
Somewhere in the math formula just ended, you used the
stated character from an undefined font family. For example,
plain TeX doesn't allow \it or \sl in subscripts. Proceed,
and I'll try to forget that I needed that character.

! \textfont 0 is undefined (character h).
\Url@FormatString ...\Url@String \UrlRight \m@th $
                                                  
l.331 ...s://owasp.org/www-community/attacks/xss/}
                                                   (accedido 11/07/2024).
Somewhere in the math formula just ended, you used the
stated character from an undefined font family. For example,
plain TeX doesn't allow \it or \sl in subscripts. Proceed,
and I'll try to forget that I needed that character.

! \textfont 0 is undefined (character t).
\Url@FormatString ...\Url@String \UrlRight \m@th $
                                                  
l.331 ...s://owasp.org/www-community/attacks/xss/}
                                                   (accedido 11/07/2024).
Somewhere in the math formula just ended, you used the
stated character from an undefined font family. For example,
plain TeX doesn't allow \it or \sl in subscripts. Proceed,
and I'll try to forget that I needed that character.

! \textfont 0 is undefined (character t).
\Url@FormatString ...\Url@String \UrlRight \m@th $
                                                  
l.331 ...s://owasp.org/www-community/attacks/xss/}
                                                   (accedido 11/07/2024).
Somewhere in the math formula just ended, you used the
stated character from an undefined font family. For example,
plain TeX doesn't allow \it or \sl in subscripts. Proceed,
and I'll try to forget that I needed that character.

! \textfont 0 is undefined (character p).
\Url@FormatString ...\Url@String \UrlRight \m@th $
                                                  
l.331 ...s://owasp.org/www-community/attacks/xss/}
                                                   (accedido 11/07/2024).
Somewhere in the math formula just ended, you used the
stated character from an undefined font family. For example,
plain TeX doesn't allow \it or \sl in subscripts. Proceed,
and I'll try to forget that I needed that character.

! \textfont 0 is undefined (character s).
\Url@FormatString ...\Url@String \UrlRight \m@th $
                                                  
l.331 ...s://owasp.org/www-community/attacks/xss/}
                                                   (accedido 11/07/2024).
Somewhere in the math formula just ended, you used the
stated character from an undefined font family. For example,
plain TeX doesn't allow \it or \sl in subscripts. Proceed,
and I'll try to forget that I needed that character.

! \textfont 0 is undefined (character :).
\Url@FormatString ...\Url@String \UrlRight \m@th $
                                                  
l.331 ...s://owasp.org/www-community/attacks/xss/}
                                                   (accedido 11/07/2024).
Somewhere in the math formula just ended, you used the
stated character from an undefined font family. For example,
plain TeX doesn't allow \it or \sl in subscripts. Proceed,
and I'll try to forget that I needed that character.

! \textfont 0 is undefined (character /).
\Url@FormatString ...\Url@String \UrlRight \m@th $
                                                  
l.331 ...s://owasp.org/www-community/attacks/xss/}
                                                   (accedido 11/07/2024).
Somewhere in the math formula just ended, you used the
stated character from an undefined font family. For example,
plain TeX doesn't allow \it or \sl in subscripts. Proceed,
and I'll try to forget that I needed that character.

! \textfont 0 is undefined (character /).
\Url@FormatString ...\Url@String \UrlRight \m@th $
                                                  
l.331 ...s://owasp.org/www-community/attacks/xss/}
                                                   (accedido 11/07/2024).
Somewhere in the math formula just ended, you used the
stated character from an undefined font family. For example,
plain TeX doesn't allow \it or \sl in subscripts. Proceed,
and I'll try to forget that I needed that character.

! \textfont 0 is undefined (character o).
\Url@FormatString ...\Url@String \UrlRight \m@th $
                                                  
l.331 ...s://owasp.org/www-community/attacks/xss/}
                                                   (accedido 11/07/2024).
Somewhere in the math formula just ended, you used the
stated character from an undefined font family. For example,
plain TeX doesn't allow \it or \sl in subscripts. Proceed,
and I'll try to forget that I needed that character.

! \textfont 0 is undefined (character w).
\Url@FormatString ...\Url@String \UrlRight \m@th $
                                                  
l.331 ...s://owasp.org/www-community/attacks/xss/}
                                                   (accedido 11/07/2024).
Somewhere in the math formula just ended, you used the
stated character from an undefined font family. For example,
plain TeX doesn't allow \it or \sl in subscripts. Proceed,
and I'll try to forget that I needed that character.

! \textfont 0 is undefined (character a).
\Url@FormatString ...\Url@String \UrlRight \m@th $
                                                  
l.331 ...s://owasp.org/www-community/attacks/xss/}
                                                   (accedido 11/07/2024).
Somewhere in the math formula just ended, you used the
stated character from an undefined font family. For example,
plain TeX doesn't allow \it or \sl in subscripts. Proceed,
and I'll try to forget that I needed that character.

! \textfont 0 is undefined (character s).
\Url@FormatString ...\Url@String \UrlRight \m@th $
                                                  
l.331 ...s://owasp.org/www-community/attacks/xss/}
                                                   (accedido 11/07/2024).
Somewhere in the math formula just ended, you used the
stated character from an undefined font family. For example,
plain TeX doesn't allow \it or \sl in subscripts. Proceed,
and I'll try to forget that I needed that character.

! \textfont 0 is undefined (character p).
\Url@FormatString ...\Url@String \UrlRight \m@th $
                                                  
l.331 ...s://owasp.org/www-community/attacks/xss/}
                                                   (accedido 11/07/2024).
Somewhere in the math formula just ended, you used the
stated character from an undefined font family. For example,
plain TeX doesn't allow \it or \sl in subscripts. Proceed,
and I'll try to forget that I needed that character.

! \textfont 0 is undefined (character .).
\Url@FormatString ...\Url@String \UrlRight \m@th $
                                                  
l.331 ...s://owasp.org/www-community/attacks/xss/}
                                                   (accedido 11/07/2024).
Somewhere in the math formula just ended, you used the
stated character from an undefined font family. For example,
plain TeX doesn't allow \it or \sl in subscripts. Proceed,
and I'll try to forget that I needed that character.

! \textfont 0 is undefined (character o).
\Url@FormatString ...\Url@String \UrlRight \m@th $
                                                  
l.331 ...s://owasp.org/www-community/attacks/xss/}
                                                   (accedido 11/07/2024).
Somewhere in the math formula just ended, you used the
stated character from an undefined font family. For example,
plain TeX doesn't allow \it or \sl in subscripts. Proceed,
and I'll try to forget that I needed that character.

! \textfont 0 is undefined (character r).
\Url@FormatString ...\Url@String \UrlRight \m@th $
                                                  
l.331 ...s://owasp.org/www-community/attacks/xss/}
                                                   (accedido 11/07/2024).
Somewhere in the math formula just ended, you used the
stated character from an undefined font family. For example,
plain TeX doesn't allow \it or \sl in subscripts. Proceed,
and I'll try to forget that I needed that character.

! \textfont 0 is undefined (character g).
\Url@FormatString ...\Url@String \UrlRight \m@th $
                                                  
l.331 ...s://owasp.org/www-community/attacks/xss/}
                                                   (accedido 11/07/2024).
Somewhere in the math formula just ended, you used the
stated character from an undefined font family. For example,
plain TeX doesn't allow \it or \sl in subscripts. Proceed,
and I'll try to forget that I needed that character.

! \textfont 0 is undefined (character /).
\Url@FormatString ...\Url@String \UrlRight \m@th $
                                                  
l.331 ...s://owasp.org/www-community/attacks/xss/}
                                                   (accedido 11/07/2024).
Somewhere in the math formula just ended, you used the
stated character from an undefined font family. For example,
plain TeX doesn't allow \it or \sl in subscripts. Proceed,
and I'll try to forget that I needed that character.

! \textfont 0 is undefined (character w).
\Url@FormatString ...\Url@String \UrlRight \m@th $
                                                  
l.331 ...s://owasp.org/www-community/attacks/xss/}
                                                   (accedido 11/07/2024).
Somewhere in the math formula just ended, you used the
stated character from an undefined font family. For example,
plain TeX doesn't allow \it or \sl in subscripts. Proceed,
and I'll try to forget that I needed that character.

! \textfont 0 is undefined (character w).
\Url@FormatString ...\Url@String \UrlRight \m@th $
                                                  
l.331 ...s://owasp.org/www-community/attacks/xss/}
                                                   (accedido 11/07/2024).
Somewhere in the math formula just ended, you used the
stated character from an undefined font family. For example,
plain TeX doesn't allow \it or \sl in subscripts. Proceed,
and I'll try to forget that I needed that character.

! \textfont 0 is undefined (character w).
\Url@FormatString ...\Url@String \UrlRight \m@th $
                                                  
l.331 ...s://owasp.org/www-community/attacks/xss/}
                                                   (accedido 11/07/2024).
Somewhere in the math formula just ended, you used the
stated character from an undefined font family. For example,
plain TeX doesn't allow \it or \sl in subscripts. Proceed,
and I'll try to forget that I needed that character.

! \textfont 0 is undefined (character -).
\Url@FormatString ...\Url@String \UrlRight \m@th $
                                                  
l.331 ...s://owasp.org/www-community/attacks/xss/}
                                                   (accedido 11/07/2024).
Somewhere in the math formula just ended, you used the
stated character from an undefined font family. For example,
plain TeX doesn't allow \it or \sl in subscripts. Proceed,
and I'll try to forget that I needed that character.

! \textfont 0 is undefined (character c).
\Url@FormatString ...\Url@String \UrlRight \m@th $
                                                  
l.331 ...s://owasp.org/www-community/attacks/xss/}
                                                   (accedido 11/07/2024).
Somewhere in the math formula just ended, you used the
stated character from an undefined font family. For example,
plain TeX doesn't allow \it or \sl in subscripts. Proceed,
and I'll try to forget that I needed that character.

! \textfont 0 is undefined (character o).
\Url@FormatString ...\Url@String \UrlRight \m@th $
                                                  
l.331 ...s://owasp.org/www-community/attacks/xss/}
                                                   (accedido 11/07/2024).
Somewhere in the math formula just ended, you used the
stated character from an undefined font family. For example,
plain TeX doesn't allow \it or \sl in subscripts. Proceed,
and I'll try to forget that I needed that character.

! \textfont 0 is undefined (character m).
\Url@FormatString ...\Url@String \UrlRight \m@th $
                                                  
l.331 ...s://owasp.org/www-community/attacks/xss/}
                                                   (accedido 11/07/2024).
Somewhere in the math formula just ended, you used the
stated character from an undefined font family. For example,
plain TeX doesn't allow \it or \sl in subscripts. Proceed,
and I'll try to forget that I needed that character.

! \textfont 0 is undefined (character m).
\Url@FormatString ...\Url@String \UrlRight \m@th $
                                                  
l.331 ...s://owasp.org/www-community/attacks/xss/}
                                                   (accedido 11/07/2024).
Somewhere in the math formula just ended, you used the
stated character from an undefined font family. For example,
plain TeX doesn't allow \it or \sl in subscripts. Proceed,
and I'll try to forget that I needed that character.

! \textfont 0 is undefined (character u).
\Url@FormatString ...\Url@String \UrlRight \m@th $
                                                  
l.331 ...s://owasp.org/www-community/attacks/xss/}
                                                   (accedido 11/07/2024).
Somewhere in the math formula just ended, you used the
stated character from an undefined font family. For example,
plain TeX doesn't allow \it or \sl in subscripts. Proceed,
and I'll try to forget that I needed that character.

! \textfont 0 is undefined (character n).
\Url@FormatString ...\Url@String \UrlRight \m@th $
                                                  
l.331 ...s://owasp.org/www-community/attacks/xss/}
                                                   (accedido 11/07/2024).
Somewhere in the math formula just ended, you used the
stated character from an undefined font family. For example,
plain TeX doesn't allow \it or \sl in subscripts. Proceed,
and I'll try to forget that I needed that character.

! \textfont 0 is undefined (character i).
\Url@FormatString ...\Url@String \UrlRight \m@th $
                                                  
l.331 ...s://owasp.org/www-community/attacks/xss/}
                                                   (accedido 11/07/2024).
Somewhere in the math formula just ended, you used the
stated character from an undefined font family. For example,
plain TeX doesn't allow \it or \sl in subscripts. Proceed,
and I'll try to forget that I needed that character.

! \textfont 0 is undefined (character t).
\Url@FormatString ...\Url@String \UrlRight \m@th $
                                                  
l.331 ...s://owasp.org/www-community/attacks/xss/}
                                                   (accedido 11/07/2024).
Somewhere in the math formula just ended, you used the
stated character from an undefined font family. For example,
plain TeX doesn't allow \it or \sl in subscripts. Proceed,
and I'll try to forget that I needed that character.

! \textfont 0 is undefined (character y).
\Url@FormatString ...\Url@String \UrlRight \m@th $
                                                  
l.331 ...s://owasp.org/www-community/attacks/xss/}
                                                   (accedido 11/07/2024).
Somewhere in the math formula just ended, you used the
stated character from an undefined font family. For example,
plain TeX doesn't allow \it or \sl in subscripts. Proceed,
and I'll try to forget that I needed that character.

! \textfont 0 is undefined (character /).
\Url@FormatString ...\Url@String \UrlRight \m@th $
                                                  
l.331 ...s://owasp.org/www-community/attacks/xss/}
                                                   (accedido 11/07/2024).
Somewhere in the math formula just ended, you used the
stated character from an undefined font family. For example,
plain TeX doesn't allow \it or \sl in subscripts. Proceed,
and I'll try to forget that I needed that character.

! \textfont 0 is undefined (character a).
\Url@FormatString ...\Url@String \UrlRight \m@th $
                                                  
l.331 ...s://owasp.org/www-community/attacks/xss/}
                                                   (accedido 11/07/2024).
Somewhere in the math formula just ended, you used the
stated character from an undefined font family. For example,
plain TeX doesn't allow \it or \sl in subscripts. Proceed,
and I'll try to forget that I needed that character.

! \textfont 0 is undefined (character t).
\Url@FormatString ...\Url@String \UrlRight \m@th $
                                                  
l.331 ...s://owasp.org/www-community/attacks/xss/}
                                                   (accedido 11/07/2024).
Somewhere in the math formula just ended, you used the
stated character from an undefined font family. For example,
plain TeX doesn't allow \it or \sl in subscripts. Proceed,
and I'll try to forget that I needed that character.

! \textfont 0 is undefined (character t).
\Url@FormatString ...\Url@String \UrlRight \m@th $
                                                  
l.331 ...s://owasp.org/www-community/attacks/xss/}
                                                   (accedido 11/07/2024).
Somewhere in the math formula just ended, you used the
stated character from an undefined font family. For example,
plain TeX doesn't allow \it or \sl in subscripts. Proceed,
and I'll try to forget that I needed that character.

! \textfont 0 is undefined (character a).
\Url@FormatString ...\Url@String \UrlRight \m@th $
                                                  
l.331 ...s://owasp.org/www-community/attacks/xss/}
                                                   (accedido 11/07/2024).
Somewhere in the math formula just ended, you used the
stated character from an undefined font family. For example,
plain TeX doesn't allow \it or \sl in subscripts. Proceed,
and I'll try to forget that I needed that character.

! \textfont 0 is undefined (character c).
\Url@FormatString ...\Url@String \UrlRight \m@th $
                                                  
l.331 ...s://owasp.org/www-community/attacks/xss/}
                                                   (accedido 11/07/2024).
Somewhere in the math formula just ended, you used the
stated character from an undefined font family. For example,
plain TeX doesn't allow \it or \sl in subscripts. Proceed,
and I'll try to forget that I needed that character.

! \textfont 0 is undefined (character k).
\Url@FormatString ...\Url@String \UrlRight \m@th $
                                                  
l.331 ...s://owasp.org/www-community/attacks/xss/}
                                                   (accedido 11/07/2024).
Somewhere in the math formula just ended, you used the
stated character from an undefined font family. For example,
plain TeX doesn't allow \it or \sl in subscripts. Proceed,
and I'll try to forget that I needed that character.

! \textfont 0 is undefined (character s).
\Url@FormatString ...\Url@String \UrlRight \m@th $
                                                  
l.331 ...s://owasp.org/www-community/attacks/xss/}
                                                   (accedido 11/07/2024).
Somewhere in the math formula just ended, you used the
stated character from an undefined font family. For example,
plain TeX doesn't allow \it or \sl in subscripts. Proceed,
and I'll try to forget that I needed that character.

! \textfont 0 is undefined (character /).
\Url@FormatString ...\Url@String \UrlRight \m@th $
                                                  
l.331 ...s://owasp.org/www-community/attacks/xss/}
                                                   (accedido 11/07/2024).
Somewhere in the math formula just ended, you used the
stated character from an undefined font family. For example,
plain TeX doesn't allow \it or \sl in subscripts. Proceed,
and I'll try to forget that I needed that character.

! \textfont 0 is undefined (character x).
\Url@FormatString ...\Url@String \UrlRight \m@th $
                                                  
l.331 ...s://owasp.org/www-community/attacks/xss/}
                                                   (accedido 11/07/2024).
Somewhere in the math formula just ended, you used the
stated character from an undefined font family. For example,
plain TeX doesn't allow \it or \sl in subscripts. Proceed,
and I'll try to forget that I needed that character.

! \textfont 0 is undefined (character s).
\Url@FormatString ...\Url@String \UrlRight \m@th $
                                                  
l.331 ...s://owasp.org/www-community/attacks/xss/}
                                                   (accedido 11/07/2024).
Somewhere in the math formula just ended, you used the
stated character from an undefined font family. For example,
plain TeX doesn't allow \it or \sl in subscripts. Proceed,
and I'll try to forget that I needed that character.

! \textfont 0 is undefined (character s).
\Url@FormatString ...\Url@String \UrlRight \m@th $
                                                  
l.331 ...s://owasp.org/www-community/attacks/xss/}
                                                   (accedido 11/07/2024).
Somewhere in the math formula just ended, you used the
stated character from an undefined font family. For example,
plain TeX doesn't allow \it or \sl in subscripts. Proceed,
and I'll try to forget that I needed that character.

! \textfont 0 is undefined (character /).
\Url@FormatString ...\Url@String \UrlRight \m@th $
                                                  
l.331 ...s://owasp.org/www-community/attacks/xss/}
                                                   (accedido 11/07/2024).
Somewhere in the math formula just ended, you used the
stated character from an undefined font family. For example,
plain TeX doesn't allow \it or \sl in subscripts. Proceed,
and I'll try to forget that I needed that character.

! \textfont 0 is undefined (character h).
\Url@FormatString ...\Url@String \UrlRight \m@th $
                                                  
l.334 ...s://owasp.org/www-community/attacks/xss/}
                                                   (accedido 11/07/2024).
Somewhere in the math formula just ended, you used the
stated character from an undefined font family. For example,
plain TeX doesn't allow \it or \sl in subscripts. Proceed,
and I'll try to forget that I needed that character.

! \textfont 0 is undefined (character t).
\Url@FormatString ...\Url@String \UrlRight \m@th $
                                                  
l.334 ...s://owasp.org/www-community/attacks/xss/}
                                                   (accedido 11/07/2024).
Somewhere in the math formula just ended, you used the
stated character from an undefined font family. For example,
plain TeX doesn't allow \it or \sl in subscripts. Proceed,
and I'll try to forget that I needed that character.

! \textfont 0 is undefined (character t).
\Url@FormatString ...\Url@String \UrlRight \m@th $
                                                  
l.334 ...s://owasp.org/www-community/attacks/xss/}
                                                   (accedido 11/07/2024).
Somewhere in the math formula just ended, you used the
stated character from an undefined font family. For example,
plain TeX doesn't allow \it or \sl in subscripts. Proceed,
and I'll try to forget that I needed that character.

! \textfont 0 is undefined (character p).
\Url@FormatString ...\Url@String \UrlRight \m@th $
                                                  
l.334 ...s://owasp.org/www-community/attacks/xss/}
                                                   (accedido 11/07/2024).
Somewhere in the math formula just ended, you used the
stated character from an undefined font family. For example,
plain TeX doesn't allow \it or \sl in subscripts. Proceed,
and I'll try to forget that I needed that character.

! \textfont 0 is undefined (character s).
\Url@FormatString ...\Url@String \UrlRight \m@th $
                                                  
l.334 ...s://owasp.org/www-community/attacks/xss/}
                                                   (accedido 11/07/2024).
Somewhere in the math formula just ended, you used the
stated character from an undefined font family. For example,
plain TeX doesn't allow \it or \sl in subscripts. Proceed,
and I'll try to forget that I needed that character.

! \textfont 0 is undefined (character :).
\Url@FormatString ...\Url@String \UrlRight \m@th $
                                                  
l.334 ...s://owasp.org/www-community/attacks/xss/}
                                                   (accedido 11/07/2024).
Somewhere in the math formula just ended, you used the
stated character from an undefined font family. For example,
plain TeX doesn't allow \it or \sl in subscripts. Proceed,
and I'll try to forget that I needed that character.

! \textfont 0 is undefined (character /).
\Url@FormatString ...\Url@String \UrlRight \m@th $
                                                  
l.334 ...s://owasp.org/www-community/attacks/xss/}
                                                   (accedido 11/07/2024).
Somewhere in the math formula just ended, you used the
stated character from an undefined font family. For example,
plain TeX doesn't allow \it or \sl in subscripts. Proceed,
and I'll try to forget that I needed that character.

! \textfont 0 is undefined (character /).
\Url@FormatString ...\Url@String \UrlRight \m@th $
                                                  
l.334 ...s://owasp.org/www-community/attacks/xss/}
                                                   (accedido 11/07/2024).
Somewhere in the math formula just ended, you used the
stated character from an undefined font family. For example,
plain TeX doesn't allow \it or \sl in subscripts. Proceed,
and I'll try to forget that I needed that character.

! \textfont 0 is undefined (character o).
\Url@FormatString ...\Url@String \UrlRight \m@th $
                                                  
l.334 ...s://owasp.org/www-community/attacks/xss/}
                                                   (accedido 11/07/2024).
Somewhere in the math formula just ended, you used the
stated character from an undefined font family. For example,
plain TeX doesn't allow \it or \sl in subscripts. Proceed,
and I'll try to forget that I needed that character.

! \textfont 0 is undefined (character w).
\Url@FormatString ...\Url@String \UrlRight \m@th $
                                                  
l.334 ...s://owasp.org/www-community/attacks/xss/}
                                                   (accedido 11/07/2024).
Somewhere in the math formula just ended, you used the
stated character from an undefined font family. For example,
plain TeX doesn't allow \it or \sl in subscripts. Proceed,
and I'll try to forget that I needed that character.

! \textfont 0 is undefined (character a).
\Url@FormatString ...\Url@String \UrlRight \m@th $
                                                  
l.334 ...s://owasp.org/www-community/attacks/xss/}
                                                   (accedido 11/07/2024).
Somewhere in the math formula just ended, you used the
stated character from an undefined font family. For example,
plain TeX doesn't allow \it or \sl in subscripts. Proceed,
and I'll try to forget that I needed that character.

! \textfont 0 is undefined (character s).
\Url@FormatString ...\Url@String \UrlRight \m@th $
                                                  
l.334 ...s://owasp.org/www-community/attacks/xss/}
                                                   (accedido 11/07/2024).
Somewhere in the math formula just ended, you used the
stated character from an undefined font family. For example,
plain TeX doesn't allow \it or \sl in subscripts. Proceed,
and I'll try to forget that I needed that character.

! \textfont 0 is undefined (character p).
\Url@FormatString ...\Url@String \UrlRight \m@th $
                                                  
l.334 ...s://owasp.org/www-community/attacks/xss/}
                                                   (accedido 11/07/2024).
Somewhere in the math formula just ended, you used the
stated character from an undefined font family. For example,
plain TeX doesn't allow \it or \sl in subscripts. Proceed,
and I'll try to forget that I needed that character.

! \textfont 0 is undefined (character .).
\Url@FormatString ...\Url@String \UrlRight \m@th $
                                                  
l.334 ...s://owasp.org/www-community/attacks/xss/}
                                                   (accedido 11/07/2024).
Somewhere in the math formula just ended, you used the
stated character from an undefined font family. For example,
plain TeX doesn't allow \it or \sl in subscripts. Proceed,
and I'll try to forget that I needed that character.

! \textfont 0 is undefined (character o).
\Url@FormatString ...\Url@String \UrlRight \m@th $
                                                  
l.334 ...s://owasp.org/www-community/attacks/xss/}
                                                   (accedido 11/07/2024).
Somewhere in the math formula just ended, you used the
stated character from an undefined font family. For example,
plain TeX doesn't allow \it or \sl in subscripts. Proceed,
and I'll try to forget that I needed that character.

! \textfont 0 is undefined (character r).
\Url@FormatString ...\Url@String \UrlRight \m@th $
                                                  
l.334 ...s://owasp.org/www-community/attacks/xss/}
                                                   (accedido 11/07/2024).
Somewhere in the math formula just ended, you used the
stated character from an undefined font family. For example,
plain TeX doesn't allow \it or \sl in subscripts. Proceed,
and I'll try to forget that I needed that character.

! \textfont 0 is undefined (character g).
\Url@FormatString ...\Url@String \UrlRight \m@th $
                                                  
l.334 ...s://owasp.org/www-community/attacks/xss/}
                                                   (accedido 11/07/2024).
Somewhere in the math formula just ended, you used the
stated character from an undefined font family. For example,
plain TeX doesn't allow \it or \sl in subscripts. Proceed,
and I'll try to forget that I needed that character.

! \textfont 0 is undefined (character /).
\Url@FormatString ...\Url@String \UrlRight \m@th $
                                                  
l.334 ...s://owasp.org/www-community/attacks/xss/}
                                                   (accedido 11/07/2024).
Somewhere in the math formula just ended, you used the
stated character from an undefined font family. For example,
plain TeX doesn't allow \it or \sl in subscripts. Proceed,
and I'll try to forget that I needed that character.

! \textfont 0 is undefined (character w).
\Url@FormatString ...\Url@String \UrlRight \m@th $
                                                  
l.334 ...s://owasp.org/www-community/attacks/xss/}
                                                   (accedido 11/07/2024).
Somewhere in the math formula just ended, you used the
stated character from an undefined font family. For example,
plain TeX doesn't allow \it or \sl in subscripts. Proceed,
and I'll try to forget that I needed that character.

! \textfont 0 is undefined (character w).
\Url@FormatString ...\Url@String \UrlRight \m@th $
                                                  
l.334 ...s://owasp.org/www-community/attacks/xss/}
                                                   (accedido 11/07/2024).
Somewhere in the math formula just ended, you used the
stated character from an undefined font family. For example,
plain TeX doesn't allow \it or \sl in subscripts. Proceed,
and I'll try to forget that I needed that character.

! \textfont 0 is undefined (character w).
\Url@FormatString ...\Url@String \UrlRight \m@th $
                                                  
l.334 ...s://owasp.org/www-community/attacks/xss/}
                                                   (accedido 11/07/2024).
Somewhere in the math formula just ended, you used the
stated character from an undefined font family. For example,
plain TeX doesn't allow \it or \sl in subscripts. Proceed,
and I'll try to forget that I needed that character.

! \textfont 0 is undefined (character -).
\Url@FormatString ...\Url@String \UrlRight \m@th $
                                                  
l.334 ...s://owasp.org/www-community/attacks/xss/}
                                                   (accedido 11/07/2024).
Somewhere in the math formula just ended, you used the
stated character from an undefined font family. For example,
plain TeX doesn't allow \it or \sl in subscripts. Proceed,
and I'll try to forget that I needed that character.

! \textfont 0 is undefined (character c).
\Url@FormatString ...\Url@String \UrlRight \m@th $
                                                  
l.334 ...s://owasp.org/www-community/attacks/xss/}
                                                   (accedido 11/07/2024).
Somewhere in the math formula just ended, you used the
stated character from an undefined font family. For example,
plain TeX doesn't allow \it or \sl in subscripts. Proceed,
and I'll try to forget that I needed that character.

! \textfont 0 is undefined (character o).
\Url@FormatString ...\Url@String \UrlRight \m@th $
                                                  
l.334 ...s://owasp.org/www-community/attacks/xss/}
                                                   (accedido 11/07/2024).
Somewhere in the math formula just ended, you used the
stated character from an undefined font family. For example,
plain TeX doesn't allow \it or \sl in subscripts. Proceed,
and I'll try to forget that I needed that character.

! \textfont 0 is undefined (character m).
\Url@FormatString ...\Url@String \UrlRight \m@th $
                                                  
l.334 ...s://owasp.org/www-community/attacks/xss/}
                                                   (accedido 11/07/2024).
Somewhere in the math formula just ended, you used the
stated character from an undefined font family. For example,
plain TeX doesn't allow \it or \sl in subscripts. Proceed,
and I'll try to forget that I needed that character.

! \textfont 0 is undefined (character m).
\Url@FormatString ...\Url@String \UrlRight \m@th $
                                                  
l.334 ...s://owasp.org/www-community/attacks/xss/}
                                                   (accedido 11/07/2024).
Somewhere in the math formula just ended, you used the
stated character from an undefined font family. For example,
plain TeX doesn't allow \it or \sl in subscripts. Proceed,
and I'll try to forget that I needed that character.

! \textfont 0 is undefined (character u).
\Url@FormatString ...\Url@String \UrlRight \m@th $
                                                  
l.334 ...s://owasp.org/www-community/attacks/xss/}
                                                   (accedido 11/07/2024).
Somewhere in the math formula just ended, you used the
stated character from an undefined font family. For example,
plain TeX doesn't allow \it or \sl in subscripts. Proceed,
and I'll try to forget that I needed that character.

! \textfont 0 is undefined (character n).
\Url@FormatString ...\Url@String \UrlRight \m@th $
                                                  
l.334 ...s://owasp.org/www-community/attacks/xss/}
                                                   (accedido 11/07/2024).
Somewhere in the math formula just ended, you used the
stated character from an undefined font family. For example,
plain TeX doesn't allow \it or \sl in subscripts. Proceed,
and I'll try to forget that I needed that character.

! \textfont 0 is undefined (character i).
\Url@FormatString ...\Url@String \UrlRight \m@th $
                                                  
l.334 ...s://owasp.org/www-community/attacks/xss/}
                                                   (accedido 11/07/2024).
Somewhere in the math formula just ended, you used the
stated character from an undefined font family. For example,
plain TeX doesn't allow \it or \sl in subscripts. Proceed,
and I'll try to forget that I needed that character.

! \textfont 0 is undefined (character t).
\Url@FormatString ...\Url@String \UrlRight \m@th $
                                                  
l.334 ...s://owasp.org/www-community/attacks/xss/}
                                                   (accedido 11/07/2024).
Somewhere in the math formula just ended, you used the
stated character from an undefined font family. For example,
plain TeX doesn't allow \it or \sl in subscripts. Proceed,
and I'll try to forget that I needed that character.

! \textfont 0 is undefined (character y).
\Url@FormatString ...\Url@String \UrlRight \m@th $
                                                  
l.334 ...s://owasp.org/www-community/attacks/xss/}
                                                   (accedido 11/07/2024).
Somewhere in the math formula just ended, you used the
stated character from an undefined font family. For example,
plain TeX doesn't allow \it or \sl in subscripts. Proceed,
and I'll try to forget that I needed that character.

! \textfont 0 is undefined (character /).
\Url@FormatString ...\Url@String \UrlRight \m@th $
                                                  
l.334 ...s://owasp.org/www-community/attacks/xss/}
                                                   (accedido 11/07/2024).
Somewhere in the math formula just ended, you used the
stated character from an undefined font family. For example,
plain TeX doesn't allow \it or \sl in subscripts. Proceed,
and I'll try to forget that I needed that character.

! \textfont 0 is undefined (character a).
\Url@FormatString ...\Url@String \UrlRight \m@th $
                                                  
l.334 ...s://owasp.org/www-community/attacks/xss/}
                                                   (accedido 11/07/2024).
Somewhere in the math formula just ended, you used the
stated character from an undefined font family. For example,
plain TeX doesn't allow \it or \sl in subscripts. Proceed,
and I'll try to forget that I needed that character.

! \textfont 0 is undefined (character t).
\Url@FormatString ...\Url@String \UrlRight \m@th $
                                                  
l.334 ...s://owasp.org/www-community/attacks/xss/}
                                                   (accedido 11/07/2024).
Somewhere in the math formula just ended, you used the
stated character from an undefined font family. For example,
plain TeX doesn't allow \it or \sl in subscripts. Proceed,
and I'll try to forget that I needed that character.

! \textfont 0 is undefined (character t).
\Url@FormatString ...\Url@String \UrlRight \m@th $
                                                  
l.334 ...s://owasp.org/www-community/attacks/xss/}
                                                   (accedido 11/07/2024).
Somewhere in the math formula just ended, you used the
stated character from an undefined font family. For example,
plain TeX doesn't allow \it or \sl in subscripts. Proceed,
and I'll try to forget that I needed that character.

! \textfont 0 is undefined (character a).
\Url@FormatString ...\Url@String \UrlRight \m@th $
                                                  
l.334 ...s://owasp.org/www-community/attacks/xss/}
                                                   (accedido 11/07/2024).
Somewhere in the math formula just ended, you used the
stated character from an undefined font family. For example,
plain TeX doesn't allow \it or \sl in subscripts. Proceed,
and I'll try to forget that I needed that character.

! \textfont 0 is undefined (character c).
\Url@FormatString ...\Url@String \UrlRight \m@th $
                                                  
l.334 ...s://owasp.org/www-community/attacks/xss/}
                                                   (accedido 11/07/2024).
Somewhere in the math formula just ended, you used the
stated character from an undefined font family. For example,
plain TeX doesn't allow \it or \sl in subscripts. Proceed,
and I'll try to forget that I needed that character.

! \textfont 0 is undefined (character k).
\Url@FormatString ...\Url@String \UrlRight \m@th $
                                                  
l.334 ...s://owasp.org/www-community/attacks/xss/}
                                                   (accedido 11/07/2024).
Somewhere in the math formula just ended, you used the
stated character from an undefined font family. For example,
plain TeX doesn't allow \it or \sl in subscripts. Proceed,
and I'll try to forget that I needed that character.

! \textfont 0 is undefined (character s).
\Url@FormatString ...\Url@String \UrlRight \m@th $
                                                  
l.334 ...s://owasp.org/www-community/attacks/xss/}
                                                   (accedido 11/07/2024).
Somewhere in the math formula just ended, you used the
stated character from an undefined font family. For example,
plain TeX doesn't allow \it or \sl in subscripts. Proceed,
and I'll try to forget that I needed that character.

! \textfont 0 is undefined (character /).
\Url@FormatString ...\Url@String \UrlRight \m@th $
                                                  
l.334 ...s://owasp.org/www-community/attacks/xss/}
                                                   (accedido 11/07/2024).
Somewhere in the math formula just ended, you used the
stated character from an undefined font family. For example,
plain TeX doesn't allow \it or \sl in subscripts. Proceed,
and I'll try to forget that I needed that character.

! \textfont 0 is undefined (character x).
\Url@FormatString ...\Url@String \UrlRight \m@th $
                                                  
l.334 ...s://owasp.org/www-community/attacks/xss/}
                                                   (accedido 11/07/2024).
Somewhere in the math formula just ended, you used the
stated character from an undefined font family. For example,
plain TeX doesn't allow \it or \sl in subscripts. Proceed,
and I'll try to forget that I needed that character.

! \textfont 0 is undefined (character s).
\Url@FormatString ...\Url@String \UrlRight \m@th $
                                                  
l.334 ...s://owasp.org/www-community/attacks/xss/}
                                                   (accedido 11/07/2024).
Somewhere in the math formula just ended, you used the
stated character from an undefined font family. For example,
plain TeX doesn't allow \it or \sl in subscripts. Proceed,
and I'll try to forget that I needed that character.

! \textfont 0 is undefined (character s).
\Url@FormatString ...\Url@String \UrlRight \m@th $
                                                  
l.334 ...s://owasp.org/www-community/attacks/xss/}
                                                   (accedido 11/07/2024).
Somewhere in the math formula just ended, you used the
stated character from an undefined font family. For example,
plain TeX doesn't allow \it or \sl in subscripts. Proceed,
and I'll try to forget that I needed that character.

! \textfont 0 is undefined (character /).
\Url@FormatString ...\Url@String \UrlRight \m@th $
                                                  
l.334 ...s://owasp.org/www-community/attacks/xss/}
                                                   (accedido 11/07/2024).
Somewhere in the math formula just ended, you used the
stated character from an undefined font family. For example,
plain TeX doesn't allow \it or \sl in subscripts. Proceed,
and I'll try to forget that I needed that character.

! \textfont 0 is undefined (character h).
\Url@FormatString ...\Url@String \UrlRight \m@th $
                                                  
l.336 ...//www.php.net/manual/es/intro-whatis.php}
                                                   (accedido 11/07/2024).
Somewhere in the math formula just ended, you used the
stated character from an undefined font family. For example,
plain TeX doesn't allow \it or \sl in subscripts. Proceed,
and I'll try to forget that I needed that character.

! \textfont 0 is undefined (character t).
\Url@FormatString ...\Url@String \UrlRight \m@th $
                                                  
l.336 ...//www.php.net/manual/es/intro-whatis.php}
                                                   (accedido 11/07/2024).
Somewhere in the math formula just ended, you used the
stated character from an undefined font family. For example,
plain TeX doesn't allow \it or \sl in subscripts. Proceed,
and I'll try to forget that I needed that character.

! \textfont 0 is undefined (character t).
\Url@FormatString ...\Url@String \UrlRight \m@th $
                                                  
l.336 ...//www.php.net/manual/es/intro-whatis.php}
                                                   (accedido 11/07/2024).
Somewhere in the math formula just ended, you used the
stated character from an undefined font family. For example,
plain TeX doesn't allow \it or \sl in subscripts. Proceed,
and I'll try to forget that I needed that character.

! \textfont 0 is undefined (character p).
\Url@FormatString ...\Url@String \UrlRight \m@th $
                                                  
l.336 ...//www.php.net/manual/es/intro-whatis.php}
                                                   (accedido 11/07/2024).
Somewhere in the math formula just ended, you used the
stated character from an undefined font family. For example,
plain TeX doesn't allow \it or \sl in subscripts. Proceed,
and I'll try to forget that I needed that character.

! \textfont 0 is undefined (character s).
\Url@FormatString ...\Url@String \UrlRight \m@th $
                                                  
l.336 ...//www.php.net/manual/es/intro-whatis.php}
                                                   (accedido 11/07/2024).
Somewhere in the math formula just ended, you used the
stated character from an undefined font family. For example,
plain TeX doesn't allow \it or \sl in subscripts. Proceed,
and I'll try to forget that I needed that character.

! \textfont 0 is undefined (character :).
\Url@FormatString ...\Url@String \UrlRight \m@th $
                                                  
l.336 ...//www.php.net/manual/es/intro-whatis.php}
                                                   (accedido 11/07/2024).
Somewhere in the math formula just ended, you used the
stated character from an undefined font family. For example,
plain TeX doesn't allow \it or \sl in subscripts. Proceed,
and I'll try to forget that I needed that character.

! \textfont 0 is undefined (character /).
\Url@FormatString ...\Url@String \UrlRight \m@th $
                                                  
l.336 ...//www.php.net/manual/es/intro-whatis.php}
                                                   (accedido 11/07/2024).
Somewhere in the math formula just ended, you used the
stated character from an undefined font family. For example,
plain TeX doesn't allow \it or \sl in subscripts. Proceed,
and I'll try to forget that I needed that character.

! \textfont 0 is undefined (character /).
\Url@FormatString ...\Url@String \UrlRight \m@th $
                                                  
l.336 ...//www.php.net/manual/es/intro-whatis.php}
                                                   (accedido 11/07/2024).
Somewhere in the math formula just ended, you used the
stated character from an undefined font family. For example,
plain TeX doesn't allow \it or \sl in subscripts. Proceed,
and I'll try to forget that I needed that character.

! \textfont 0 is undefined (character w).
\Url@FormatString ...\Url@String \UrlRight \m@th $
                                                  
l.336 ...//www.php.net/manual/es/intro-whatis.php}
                                                   (accedido 11/07/2024).
Somewhere in the math formula just ended, you used the
stated character from an undefined font family. For example,
plain TeX doesn't allow \it or \sl in subscripts. Proceed,
and I'll try to forget that I needed that character.

! \textfont 0 is undefined (character w).
\Url@FormatString ...\Url@String \UrlRight \m@th $
                                                  
l.336 ...//www.php.net/manual/es/intro-whatis.php}
                                                   (accedido 11/07/2024).
Somewhere in the math formula just ended, you used the
stated character from an undefined font family. For example,
plain TeX doesn't allow \it or \sl in subscripts. Proceed,
and I'll try to forget that I needed that character.

! \textfont 0 is undefined (character w).
\Url@FormatString ...\Url@String \UrlRight \m@th $
                                                  
l.336 ...//www.php.net/manual/es/intro-whatis.php}
                                                   (accedido 11/07/2024).
Somewhere in the math formula just ended, you used the
stated character from an undefined font family. For example,
plain TeX doesn't allow \it or \sl in subscripts. Proceed,
and I'll try to forget that I needed that character.

! \textfont 0 is undefined (character .).
\Url@FormatString ...\Url@String \UrlRight \m@th $
                                                  
l.336 ...//www.php.net/manual/es/intro-whatis.php}
                                                   (accedido 11/07/2024).
Somewhere in the math formula just ended, you used the
stated character from an undefined font family. For example,
plain TeX doesn't allow \it or \sl in subscripts. Proceed,
and I'll try to forget that I needed that character.

! \textfont 0 is undefined (character p).
\Url@FormatString ...\Url@String \UrlRight \m@th $
                                                  
l.336 ...//www.php.net/manual/es/intro-whatis.php}
                                                   (accedido 11/07/2024).
Somewhere in the math formula just ended, you used the
stated character from an undefined font family. For example,
plain TeX doesn't allow \it or \sl in subscripts. Proceed,
and I'll try to forget that I needed that character.

! \textfont 0 is undefined (character h).
\Url@FormatString ...\Url@String \UrlRight \m@th $
                                                  
l.336 ...//www.php.net/manual/es/intro-whatis.php}
                                                   (accedido 11/07/2024).
Somewhere in the math formula just ended, you used the
stated character from an undefined font family. For example,
plain TeX doesn't allow \it or \sl in subscripts. Proceed,
and I'll try to forget that I needed that character.

! \textfont 0 is undefined (character p).
\Url@FormatString ...\Url@String \UrlRight \m@th $
                                                  
l.336 ...//www.php.net/manual/es/intro-whatis.php}
                                                   (accedido 11/07/2024).
Somewhere in the math formula just ended, you used the
stated character from an undefined font family. For example,
plain TeX doesn't allow \it or \sl in subscripts. Proceed,
and I'll try to forget that I needed that character.

! \textfont 0 is undefined (character .).
\Url@FormatString ...\Url@String \UrlRight \m@th $
                                                  
l.336 ...//www.php.net/manual/es/intro-whatis.php}
                                                   (accedido 11/07/2024).
Somewhere in the math formula just ended, you used the
stated character from an undefined font family. For example,
plain TeX doesn't allow \it or \sl in subscripts. Proceed,
and I'll try to forget that I needed that character.

! \textfont 0 is undefined (character n).
\Url@FormatString ...\Url@String \UrlRight \m@th $
                                                  
l.336 ...//www.php.net/manual/es/intro-whatis.php}
                                                   (accedido 11/07/2024).
Somewhere in the math formula just ended, you used the
stated character from an undefined font family. For example,
plain TeX doesn't allow \it or \sl in subscripts. Proceed,
and I'll try to forget that I needed that character.

! \textfont 0 is undefined (character e).
\Url@FormatString ...\Url@String \UrlRight \m@th $
                                                  
l.336 ...//www.php.net/manual/es/intro-whatis.php}
                                                   (accedido 11/07/2024).
Somewhere in the math formula just ended, you used the
stated character from an undefined font family. For example,
plain TeX doesn't allow \it or \sl in subscripts. Proceed,
and I'll try to forget that I needed that character.

! \textfont 0 is undefined (character t).
\Url@FormatString ...\Url@String \UrlRight \m@th $
                                                  
l.336 ...//www.php.net/manual/es/intro-whatis.php}
                                                   (accedido 11/07/2024).
Somewhere in the math formula just ended, you used the
stated character from an undefined font family. For example,
plain TeX doesn't allow \it or \sl in subscripts. Proceed,
and I'll try to forget that I needed that character.

! \textfont 0 is undefined (character /).
\Url@FormatString ...\Url@String \UrlRight \m@th $
                                                  
l.336 ...//www.php.net/manual/es/intro-whatis.php}
                                                   (accedido 11/07/2024).
Somewhere in the math formula just ended, you used the
stated character from an undefined font family. For example,
plain TeX doesn't allow \it or \sl in subscripts. Proceed,
and I'll try to forget that I needed that character.

! \textfont 0 is undefined (character m).
\Url@FormatString ...\Url@String \UrlRight \m@th $
                                                  
l.336 ...//www.php.net/manual/es/intro-whatis.php}
                                                   (accedido 11/07/2024).
Somewhere in the math formula just ended, you used the
stated character from an undefined font family. For example,
plain TeX doesn't allow \it or \sl in subscripts. Proceed,
and I'll try to forget that I needed that character.

! \textfont 0 is undefined (character a).
\Url@FormatString ...\Url@String \UrlRight \m@th $
                                                  
l.336 ...//www.php.net/manual/es/intro-whatis.php}
                                                   (accedido 11/07/2024).
Somewhere in the math formula just ended, you used the
stated character from an undefined font family. For example,
plain TeX doesn't allow \it or \sl in subscripts. Proceed,
and I'll try to forget that I needed that character.

! \textfont 0 is undefined (character n).
\Url@FormatString ...\Url@String \UrlRight \m@th $
                                                  
l.336 ...//www.php.net/manual/es/intro-whatis.php}
                                                   (accedido 11/07/2024).
Somewhere in the math formula just ended, you used the
stated character from an undefined font family. For example,
plain TeX doesn't allow \it or \sl in subscripts. Proceed,
and I'll try to forget that I needed that character.

! \textfont 0 is undefined (character u).
\Url@FormatString ...\Url@String \UrlRight \m@th $
                                                  
l.336 ...//www.php.net/manual/es/intro-whatis.php}
                                                   (accedido 11/07/2024).
Somewhere in the math formula just ended, you used the
stated character from an undefined font family. For example,
plain TeX doesn't allow \it or \sl in subscripts. Proceed,
and I'll try to forget that I needed that character.

! \textfont 0 is undefined (character a).
\Url@FormatString ...\Url@String \UrlRight \m@th $
                                                  
l.336 ...//www.php.net/manual/es/intro-whatis.php}
                                                   (accedido 11/07/2024).
Somewhere in the math formula just ended, you used the
stated character from an undefined font family. For example,
plain TeX doesn't allow \it or \sl in subscripts. Proceed,
and I'll try to forget that I needed that character.

! \textfont 0 is undefined (character l).
\Url@FormatString ...\Url@String \UrlRight \m@th $
                                                  
l.336 ...//www.php.net/manual/es/intro-whatis.php}
                                                   (accedido 11/07/2024).
Somewhere in the math formula just ended, you used the
stated character from an undefined font family. For example,
plain TeX doesn't allow \it or \sl in subscripts. Proceed,
and I'll try to forget that I needed that character.

! \textfont 0 is undefined (character /).
\Url@FormatString ...\Url@String \UrlRight \m@th $
                                                  
l.336 ...//www.php.net/manual/es/intro-whatis.php}
                                                   (accedido 11/07/2024).
Somewhere in the math formula just ended, you used the
stated character from an undefined font family. For example,
plain TeX doesn't allow \it or \sl in subscripts. Proceed,
and I'll try to forget that I needed that character.

! \textfont 0 is undefined (character e).
\Url@FormatString ...\Url@String \UrlRight \m@th $
                                                  
l.336 ...//www.php.net/manual/es/intro-whatis.php}
                                                   (accedido 11/07/2024).
Somewhere in the math formula just ended, you used the
stated character from an undefined font family. For example,
plain TeX doesn't allow \it or \sl in subscripts. Proceed,
and I'll try to forget that I needed that character.

! \textfont 0 is undefined (character s).
\Url@FormatString ...\Url@String \UrlRight \m@th $
                                                  
l.336 ...//www.php.net/manual/es/intro-whatis.php}
                                                   (accedido 11/07/2024).
Somewhere in the math formula just ended, you used the
stated character from an undefined font family. For example,
plain TeX doesn't allow \it or \sl in subscripts. Proceed,
and I'll try to forget that I needed that character.

! \textfont 0 is undefined (character /).
\Url@FormatString ...\Url@String \UrlRight \m@th $
                                                  
l.336 ...//www.php.net/manual/es/intro-whatis.php}
                                                   (accedido 11/07/2024).
Somewhere in the math formula just ended, you used the
stated character from an undefined font family. For example,
plain TeX doesn't allow \it or \sl in subscripts. Proceed,
and I'll try to forget that I needed that character.

! \textfont 0 is undefined (character i).
\Url@FormatString ...\Url@String \UrlRight \m@th $
                                                  
l.336 ...//www.php.net/manual/es/intro-whatis.php}
                                                   (accedido 11/07/2024).
Somewhere in the math formula just ended, you used the
stated character from an undefined font family. For example,
plain TeX doesn't allow \it or \sl in subscripts. Proceed,
and I'll try to forget that I needed that character.

! \textfont 0 is undefined (character n).
\Url@FormatString ...\Url@String \UrlRight \m@th $
                                                  
l.336 ...//www.php.net/manual/es/intro-whatis.php}
                                                   (accedido 11/07/2024).
Somewhere in the math formula just ended, you used the
stated character from an undefined font family. For example,
plain TeX doesn't allow \it or \sl in subscripts. Proceed,
and I'll try to forget that I needed that character.

! \textfont 0 is undefined (character t).
\Url@FormatString ...\Url@String \UrlRight \m@th $
                                                  
l.336 ...//www.php.net/manual/es/intro-whatis.php}
                                                   (accedido 11/07/2024).
Somewhere in the math formula just ended, you used the
stated character from an undefined font family. For example,
plain TeX doesn't allow \it or \sl in subscripts. Proceed,
and I'll try to forget that I needed that character.

! \textfont 0 is undefined (character r).
\Url@FormatString ...\Url@String \UrlRight \m@th $
                                                  
l.336 ...//www.php.net/manual/es/intro-whatis.php}
                                                   (accedido 11/07/2024).
Somewhere in the math formula just ended, you used the
stated character from an undefined font family. For example,
plain TeX doesn't allow \it or \sl in subscripts. Proceed,
and I'll try to forget that I needed that character.

! \textfont 0 is undefined (character o).
\Url@FormatString ...\Url@String \UrlRight \m@th $
                                                  
l.336 ...//www.php.net/manual/es/intro-whatis.php}
                                                   (accedido 11/07/2024).
Somewhere in the math formula just ended, you used the
stated character from an undefined font family. For example,
plain TeX doesn't allow \it or \sl in subscripts. Proceed,
and I'll try to forget that I needed that character.

! \textfont 0 is undefined (character -).
\Url@FormatString ...\Url@String \UrlRight \m@th $
                                                  
l.336 ...//www.php.net/manual/es/intro-whatis.php}
                                                   (accedido 11/07/2024).
Somewhere in the math formula just ended, you used the
stated character from an undefined font family. For example,
plain TeX doesn't allow \it or \sl in subscripts. Proceed,
and I'll try to forget that I needed that character.

! \textfont 0 is undefined (character w).
\Url@FormatString ...\Url@String \UrlRight \m@th $
                                                  
l.336 ...//www.php.net/manual/es/intro-whatis.php}
                                                   (accedido 11/07/2024).
Somewhere in the math formula just ended, you used the
stated character from an undefined font family. For example,
plain TeX doesn't allow \it or \sl in subscripts. Proceed,
and I'll try to forget that I needed that character.

! \textfont 0 is undefined (character h).
\Url@FormatString ...\Url@String \UrlRight \m@th $
                                                  
l.336 ...//www.php.net/manual/es/intro-whatis.php}
                                                   (accedido 11/07/2024).
Somewhere in the math formula just ended, you used the
stated character from an undefined font family. For example,
plain TeX doesn't allow \it or \sl in subscripts. Proceed,
and I'll try to forget that I needed that character.

! \textfont 0 is undefined (character a).
\Url@FormatString ...\Url@String \UrlRight \m@th $
                                                  
l.336 ...//www.php.net/manual/es/intro-whatis.php}
                                                   (accedido 11/07/2024).
Somewhere in the math formula just ended, you used the
stated character from an undefined font family. For example,
plain TeX doesn't allow \it or \sl in subscripts. Proceed,
and I'll try to forget that I needed that character.

! \textfont 0 is undefined (character t).
\Url@FormatString ...\Url@String \UrlRight \m@th $
                                                  
l.336 ...//www.php.net/manual/es/intro-whatis.php}
                                                   (accedido 11/07/2024).
Somewhere in the math formula just ended, you used the
stated character from an undefined font family. For example,
plain TeX doesn't allow \it or \sl in subscripts. Proceed,
and I'll try to forget that I needed that character.

! \textfont 0 is undefined (character i).
\Url@FormatString ...\Url@String \UrlRight \m@th $
                                                  
l.336 ...//www.php.net/manual/es/intro-whatis.php}
                                                   (accedido 11/07/2024).
Somewhere in the math formula just ended, you used the
stated character from an undefined font family. For example,
plain TeX doesn't allow \it or \sl in subscripts. Proceed,
and I'll try to forget that I needed that character.

! \textfont 0 is undefined (character s).
\Url@FormatString ...\Url@String \UrlRight \m@th $
                                                  
l.336 ...//www.php.net/manual/es/intro-whatis.php}
                                                   (accedido 11/07/2024).
Somewhere in the math formula just ended, you used the
stated character from an undefined font family. For example,
plain TeX doesn't allow \it or \sl in subscripts. Proceed,
and I'll try to forget that I needed that character.

! \textfont 0 is undefined (character .).
\Url@FormatString ...\Url@String \UrlRight \m@th $
                                                  
l.336 ...//www.php.net/manual/es/intro-whatis.php}
                                                   (accedido 11/07/2024).
Somewhere in the math formula just ended, you used the
stated character from an undefined font family. For example,
plain TeX doesn't allow \it or \sl in subscripts. Proceed,
and I'll try to forget that I needed that character.

! \textfont 0 is undefined (character p).
\Url@FormatString ...\Url@String \UrlRight \m@th $
                                                  
l.336 ...//www.php.net/manual/es/intro-whatis.php}
                                                   (accedido 11/07/2024).
Somewhere in the math formula just ended, you used the
stated character from an undefined font family. For example,
plain TeX doesn't allow \it or \sl in subscripts. Proceed,
and I'll try to forget that I needed that character.

! \textfont 0 is undefined (character h).
\Url@FormatString ...\Url@String \UrlRight \m@th $
                                                  
l.336 ...//www.php.net/manual/es/intro-whatis.php}
                                                   (accedido 11/07/2024).
Somewhere in the math formula just ended, you used the
stated character from an undefined font family. For example,
plain TeX doesn't allow \it or \sl in subscripts. Proceed,
and I'll try to forget that I needed that character.

! \textfont 0 is undefined (character p).
\Url@FormatString ...\Url@String \UrlRight \m@th $
                                                  
l.336 ...//www.php.net/manual/es/intro-whatis.php}
                                                   (accedido 11/07/2024).
Somewhere in the math formula just ended, you used the
stated character from an undefined font family. For example,
plain TeX doesn't allow \it or \sl in subscripts. Proceed,
and I'll try to forget that I needed that character.

[12]
Missing character: There is no s in font nullfont!
Missing character: There is no e in font nullfont!
Missing character: There is no c in font nullfont!
Missing character: There is no r in font nullfont!
Missing character: There is no e in font nullfont!
Missing character: There is no t in font nullfont!
Missing character: There is no s in font nullfont!

Underfull \hbox (badness 10000) in paragraph at lines 337--339

 []

! Font OT1/pcr/m/n/10.95=pcrr7t at 10.95pt not loadable: Metric (TFM) file not 
found.
<to be read again> 
                   relax 
l.339 	\begin{lstlisting}
                         
I wasn't able to read the size data for this font,
so I will ignore the font specification.
[Wizards can fix TFM files using TFtoPL/PLtoTF.]
You might try inserting a different font spec;
e.g., type `I\font<same font id>=<substitute font name>'.

Missing character: There is no i in font nullfont!
Missing character: There is no m in font nullfont!
Missing character: There is no p in font nullfont!
Missing character: There is no o in font nullfont!
Missing character: There is no r in font nullfont!
Missing character: There is no t in font nullfont!
Missing character: There is no s in font nullfont!
Missing character: There is no e in font nullfont!
Missing character: There is no c in font nullfont!
Missing character: There is no r in font nullfont!
Missing character: There is no e in font nullfont!
Missing character: There is no t in font nullfont!
Missing character: There is no s in font nullfont!
Missing character: There is no d in font nullfont!
Missing character: There is no e in font nullfont!
Missing character: There is no f in font nullfont!
Missing character: There is no g in font nullfont!
Missing character: There is no e in font nullfont!
Missing character: There is no n in font nullfont!
Missing character: There is no e in font nullfont!
Missing character: There is no r in font nullfont!
Missing character: There is no a in font nullfont!
Missing character: There is no r in font nullfont!
Missing character: There is no _ in font nullfont!
Missing character: There is no c in font nullfont!
Missing character: There is no l in font nullfont!
Missing character: There is no a in font nullfont!
Missing character: There is no v in font nullfont!
Missing character: There is no e in font nullfont!
Missing character: There is no _ in font nullfont!
Missing character: There is no e in font nullfont!
Missing character: There is no n in font nullfont!
Missing character: There is no c in font nullfont!
Missing character: There is no r in font nullfont!
Missing character: There is no i in font nullfont!
Missing character: There is no p in font nullfont!
Missing character: There is no t in font nullfont!
Missing character: There is no a in font nullfont!
Missing character: There is no c in font nullfont!
Missing character: There is no i in font nullfont!
Missing character: There is no o in font nullfont!
Missing character: There is no n in font nullfont!
Missing character: There is no ( in font nullfont!
Missing character: There is no l in font nullfont!
Missing character: There is no o in font nullfont!
Missing character: There is no n in font nullfont!
Missing character: There is no g in font nullfont!
Missing character: There is no i in font nullfont!
Missing character: There is no t in font nullfont!
Missing character: There is no u in font nullfont!
Missing character: There is no d in font nullfont!
Missing character: There is no = in font nullfont!
Missing character: There is no 3 in font nullfont!
Missing character: There is no 2 in font nullfont!
Missing character: There is no ) in font nullfont!
Missing character: There is no : in font nullfont!
Missing character: There is no c in font nullfont!
Missing character: There is no l in font nullfont!
Missing character: There is no a in font nullfont!
Missing character: There is no v in font nullfont!
Missing character: There is no e in font nullfont!
Missing character: There is no = in font nullfont!
Missing character: There is no s in font nullfont!
Missing character: There is no e in font nullfont!
Missing character: There is no c in font nullfont!
Missing character: There is no r in font nullfont!
Missing character: There is no e in font nullfont!
Missing character: There is no t in font nullfont!
Missing character: There is no s in font nullfont!
Missing character: There is no . in font nullfont!
Missing character: There is no t in font nullfont!
Missing character: There is no o in font nullfont!
Missing character: There is no k in font nullfont!
Missing character: There is no e in font nullfont!
Missing character: There is no n in font nullfont!
Missing character: There is no _ in font nullfont!
Missing character: There is no b in font nullfont!
Missing character: There is no y in font nullfont!
Missing character: There is no t in font nullfont!
Missing character: There is no e in font nullfont!
Missing character: There is no s in font nullfont!
Missing character: There is no ( in font nullfont!
Missing character: There is no l in font nullfont!
Missing character: There is no o in font nullfont!
Missing character: There is no n in font nullfont!
Missing character: There is no g in font nullfont!
Missing character: There is no i in font nullfont!
Missing character: There is no t in font nullfont!
Missing character: There is no u in font nullfont!
Missing character: There is no d in font nullfont!
Missing character: There is no ) in font nullfont!
Missing character: There is no # in font nullfont!
Missing character: There is no D in font nullfont!
Missing character: There is no e in font nullfont!
Missing character: There is no v in font nullfont!
Missing character: There is no u in font nullfont!
Missing character: There is no e in font nullfont!
Missing character: There is no l in font nullfont!
Missing character: There is no v in font nullfont!
Missing character: There is no e in font nullfont!
Missing character: There is no u in font nullfont!
Missing character: There is no n in font nullfont!
Missing character: There is no a in font nullfont!
Missing character: There is no c in font nullfont!
Missing character: There is no a in font nullfont!
Missing character: There is no d in font nullfont!
Missing character: There is no e in font nullfont!
Missing character: There is no n in font nullfont!
Missing character: There is no a in font nullfont!
Missing character: There is no d in font nullfont!
Missing character: There is no e in font nullfont!
Missing character: There is no b in font nullfont!
Missing character: There is no y in font nullfont!
Missing character: There is no t in font nullfont!
Missing character: There is no e in font nullfont!
Missing character: There is no s in font nullfont!
Missing character: There is no a in font nullfont!
Missing character: There is no l in font nullfont!
Missing character: There is no e in font nullfont!
Missing character: There is no a in font nullfont!
Missing character: There is no t in font nullfont!
Missing character: There is no o in font nullfont!
Missing character: There is no r in font nullfont!
Missing character: There is no i in font nullfont!
Missing character: There is no o in font nullfont!
Missing character: There is no s in font nullfont!
Missing character: There is no r in font nullfont!
Missing character: There is no e in font nullfont!
Missing character: There is no t in font nullfont!
Missing character: There is no u in font nullfont!
Missing character: There is no r in font nullfont!
Missing character: There is no n in font nullfont!
Missing character: There is no c in font nullfont!
Missing character: There is no l in font nullfont!
Missing character: There is no a in font nullfont!
Missing character: There is no v in font nullfont!
Missing character: There is no e in font nullfont!
Missing character: There is no . in font nullfont!
Missing character: There is no h in font nullfont!
Missing character: There is no e in font nullfont!
Missing character: There is no x in font nullfont!
Missing character: There is no ( in font nullfont!
Missing character: There is no ) in font nullfont!
Missing character: There is no c in font nullfont!
Missing character: There is no l in font nullfont!
Missing character: There is no a in font nullfont!
Missing character: There is no v in font nullfont!
Missing character: There is no e in font nullfont!
Missing character: There is no _ in font nullfont!
Missing character: There is no e in font nullfont!
Missing character: There is no n in font nullfont!
Missing character: There is no c in font nullfont!
Missing character: There is no r in font nullfont!
Missing character: There is no i in font nullfont!
Missing character: There is no p in font nullfont!
Missing character: There is no t in font nullfont!
Missing character: There is no a in font nullfont!
Missing character: There is no c in font nullfont!
Missing character: There is no i in font nullfont!
Missing character: There is no o in font nullfont!
Missing character: There is no n in font nullfont!
Missing character: There is no = in font nullfont!
Missing character: There is no g in font nullfont!
Missing character: There is no e in font nullfont!
Missing character: There is no n in font nullfont!
Missing character: There is no e in font nullfont!
Missing character: There is no r in font nullfont!
Missing character: There is no a in font nullfont!
Missing character: There is no r in font nullfont!
Missing character: There is no _ in font nullfont!
Missing character: There is no c in font nullfont!
Missing character: There is no l in font nullfont!
Missing character: There is no a in font nullfont!
Missing character: There is no v in font nullfont!
Missing character: There is no e in font nullfont!
Missing character: There is no _ in font nullfont!
Missing character: There is no e in font nullfont!
Missing character: There is no n in font nullfont!
Missing character: There is no c in font nullfont!
Missing character: There is no r in font nullfont!
Missing character: There is no i in font nullfont!
Missing character: There is no p in font nullfont!
Missing character: There is no t in font nullfont!
Missing character: There is no a in font nullfont!
Missing character: There is no c in font nullfont!
Missing character: There is no i in font nullfont!
Missing character: There is no o in font nullfont!
Missing character: There is no n in font nullfont!
Missing character: There is no ( in font nullfont!
Missing character: There is no ) in font nullfont!
Missing character: There is no p in font nullfont!
Missing character: There is no r in font nullfont!
Missing character: There is no i in font nullfont!
Missing character: There is no n in font nullfont!
Missing character: There is no t in font nullfont!
Missing character: There is no ( in font nullfont!
Missing character: There is no f in font nullfont!
Missing character: There is no " in font nullfont!
Missing character: There is no C in font nullfont!
Missing character: There is no l in font nullfont!
Missing character: There is no a in font nullfont!
Missing character: There is no v in font nullfont!
Missing character: There is no e in font nullfont!
Missing character: There is no d in font nullfont!
Missing character: There is no e in font nullfont!
Missing character: There is no e in font nullfont!
Missing character: There is no n in font nullfont!
Missing character: There is no c in font nullfont!
Missing character: There is no r in font nullfont!
Missing character: There is no i in font nullfont!
Missing character: There is no p in font nullfont!
Missing character: There is no t in font nullfont!
Missing character: There is no a in font nullfont!
Missing character: There is no c in font nullfont!
Missing character: There is no i in font nullfont!
Missing character: There is no o in font nullfont!
Missing character: There is no n in font nullfont!
Missing character: There is no g in font nullfont!
Missing character: There is no e in font nullfont!
Missing character: There is no n in font nullfont!
Missing character: There is no e in font nullfont!
Missing character: There is no r in font nullfont!
Missing character: There is no a in font nullfont!
Missing character: There is no d in font nullfont!
Missing character: There is no a in font nullfont!
Missing character: There is no : in font nullfont!
Missing character: There is no { in font nullfont!
Missing character: There is no c in font nullfont!
Missing character: There is no l in font nullfont!
Missing character: There is no a in font nullfont!
Missing character: There is no v in font nullfont!
Missing character: There is no e in font nullfont!
Missing character: There is no _ in font nullfont!
Missing character: There is no e in font nullfont!
Missing character: There is no n in font nullfont!
Missing character: There is no c in font nullfont!
Missing character: There is no r in font nullfont!
Missing character: There is no i in font nullfont!
Missing character: There is no p in font nullfont!
Missing character: There is no t in font nullfont!
Missing character: There is no a in font nullfont!
Missing character: There is no c in font nullfont!
Missing character: There is no i in font nullfont!
Missing character: There is no o in font nullfont!
Missing character: There is no n in font nullfont!
Missing character: There is no } in font nullfont!
Missing character: There is no " in font nullfont!
Missing character: There is no ) in font nullfont!
Missing character: There is no } in font nullfont!
! \textfont 0 is undefined (character h).
\Url@FormatString ...\Url@String \UrlRight \m@th $
                                                  
l.357 ...se-de-conocimiento/variables-de-entorno/}
                                                   (accedido 15/11/2024).
Somewhere in the math formula just ended, you used the
stated character from an undefined font family. For example,
plain TeX doesn't allow \it or \sl in subscripts. Proceed,
and I'll try to forget that I needed that character.

! \textfont 0 is undefined (character t).
\Url@FormatString ...\Url@String \UrlRight \m@th $
                                                  
l.357 ...se-de-conocimiento/variables-de-entorno/}
                                                   (accedido 15/11/2024).
Somewhere in the math formula just ended, you used the
stated character from an undefined font family. For example,
plain TeX doesn't allow \it or \sl in subscripts. Proceed,
and I'll try to forget that I needed that character.

! \textfont 0 is undefined (character t).
\Url@FormatString ...\Url@String \UrlRight \m@th $
                                                  
l.357 ...se-de-conocimiento/variables-de-entorno/}
                                                   (accedido 15/11/2024).
Somewhere in the math formula just ended, you used the
stated character from an undefined font family. For example,
plain TeX doesn't allow \it or \sl in subscripts. Proceed,
and I'll try to forget that I needed that character.

! \textfont 0 is undefined (character p).
\Url@FormatString ...\Url@String \UrlRight \m@th $
                                                  
l.357 ...se-de-conocimiento/variables-de-entorno/}
                                                   (accedido 15/11/2024).
Somewhere in the math formula just ended, you used the
stated character from an undefined font family. For example,
plain TeX doesn't allow \it or \sl in subscripts. Proceed,
and I'll try to forget that I needed that character.

! \textfont 0 is undefined (character s).
\Url@FormatString ...\Url@String \UrlRight \m@th $
                                                  
l.357 ...se-de-conocimiento/variables-de-entorno/}
                                                   (accedido 15/11/2024).
Somewhere in the math formula just ended, you used the
stated character from an undefined font family. For example,
plain TeX doesn't allow \it or \sl in subscripts. Proceed,
and I'll try to forget that I needed that character.

! \textfont 0 is undefined (character :).
\Url@FormatString ...\Url@String \UrlRight \m@th $
                                                  
l.357 ...se-de-conocimiento/variables-de-entorno/}
                                                   (accedido 15/11/2024).
Somewhere in the math formula just ended, you used the
stated character from an undefined font family. For example,
plain TeX doesn't allow \it or \sl in subscripts. Proceed,
and I'll try to forget that I needed that character.

! \textfont 0 is undefined (character /).
\Url@FormatString ...\Url@String \UrlRight \m@th $
                                                  
l.357 ...se-de-conocimiento/variables-de-entorno/}
                                                   (accedido 15/11/2024).
Somewhere in the math formula just ended, you used the
stated character from an undefined font family. For example,
plain TeX doesn't allow \it or \sl in subscripts. Proceed,
and I'll try to forget that I needed that character.

! \textfont 0 is undefined (character /).
\Url@FormatString ...\Url@String \UrlRight \m@th $
                                                  
l.357 ...se-de-conocimiento/variables-de-entorno/}
                                                   (accedido 15/11/2024).
Somewhere in the math formula just ended, you used the
stated character from an undefined font family. For example,
plain TeX doesn't allow \it or \sl in subscripts. Proceed,
and I'll try to forget that I needed that character.

! \textfont 0 is undefined (character k).
\Url@FormatString ...\Url@String \UrlRight \m@th $
                                                  
l.357 ...se-de-conocimiento/variables-de-entorno/}
                                                   (accedido 15/11/2024).
Somewhere in the math formula just ended, you used the
stated character from an undefined font family. For example,
plain TeX doesn't allow \it or \sl in subscripts. Proceed,
and I'll try to forget that I needed that character.

! \textfont 0 is undefined (character i).
\Url@FormatString ...\Url@String \UrlRight \m@th $
                                                  
l.357 ...se-de-conocimiento/variables-de-entorno/}
                                                   (accedido 15/11/2024).
Somewhere in the math formula just ended, you used the
stated character from an undefined font family. For example,
plain TeX doesn't allow \it or \sl in subscripts. Proceed,
and I'll try to forget that I needed that character.

! \textfont 0 is undefined (character n).
\Url@FormatString ...\Url@String \UrlRight \m@th $
                                                  
l.357 ...se-de-conocimiento/variables-de-entorno/}
                                                   (accedido 15/11/2024).
Somewhere in the math formula just ended, you used the
stated character from an undefined font family. For example,
plain TeX doesn't allow \it or \sl in subscripts. Proceed,
and I'll try to forget that I needed that character.

! \textfont 0 is undefined (character s).
\Url@FormatString ...\Url@String \UrlRight \m@th $
                                                  
l.357 ...se-de-conocimiento/variables-de-entorno/}
                                                   (accedido 15/11/2024).
Somewhere in the math formula just ended, you used the
stated character from an undefined font family. For example,
plain TeX doesn't allow \it or \sl in subscripts. Proceed,
and I'll try to forget that I needed that character.

! \textfont 0 is undefined (character t).
\Url@FormatString ...\Url@String \UrlRight \m@th $
                                                  
l.357 ...se-de-conocimiento/variables-de-entorno/}
                                                   (accedido 15/11/2024).
Somewhere in the math formula just ended, you used the
stated character from an undefined font family. For example,
plain TeX doesn't allow \it or \sl in subscripts. Proceed,
and I'll try to forget that I needed that character.

! \textfont 0 is undefined (character a).
\Url@FormatString ...\Url@String \UrlRight \m@th $
                                                  
l.357 ...se-de-conocimiento/variables-de-entorno/}
                                                   (accedido 15/11/2024).
Somewhere in the math formula just ended, you used the
stated character from an undefined font family. For example,
plain TeX doesn't allow \it or \sl in subscripts. Proceed,
and I'll try to forget that I needed that character.

! \textfont 0 is undefined (character .).
\Url@FormatString ...\Url@String \UrlRight \m@th $
                                                  
l.357 ...se-de-conocimiento/variables-de-entorno/}
                                                   (accedido 15/11/2024).
Somewhere in the math formula just ended, you used the
stated character from an undefined font family. For example,
plain TeX doesn't allow \it or \sl in subscripts. Proceed,
and I'll try to forget that I needed that character.

! \textfont 0 is undefined (character c).
\Url@FormatString ...\Url@String \UrlRight \m@th $
                                                  
l.357 ...se-de-conocimiento/variables-de-entorno/}
                                                   (accedido 15/11/2024).
Somewhere in the math formula just ended, you used the
stated character from an undefined font family. For example,
plain TeX doesn't allow \it or \sl in subscripts. Proceed,
and I'll try to forget that I needed that character.

! \textfont 0 is undefined (character o).
\Url@FormatString ...\Url@String \UrlRight \m@th $
                                                  
l.357 ...se-de-conocimiento/variables-de-entorno/}
                                                   (accedido 15/11/2024).
Somewhere in the math formula just ended, you used the
stated character from an undefined font family. For example,
plain TeX doesn't allow \it or \sl in subscripts. Proceed,
and I'll try to forget that I needed that character.

! \textfont 0 is undefined (character m).
\Url@FormatString ...\Url@String \UrlRight \m@th $
                                                  
l.357 ...se-de-conocimiento/variables-de-entorno/}
                                                   (accedido 15/11/2024).
Somewhere in the math formula just ended, you used the
stated character from an undefined font family. For example,
plain TeX doesn't allow \it or \sl in subscripts. Proceed,
and I'll try to forget that I needed that character.

! \textfont 0 is undefined (character /).
\Url@FormatString ...\Url@String \UrlRight \m@th $
                                                  
l.357 ...se-de-conocimiento/variables-de-entorno/}
                                                   (accedido 15/11/2024).
Somewhere in the math formula just ended, you used the
stated character from an undefined font family. For example,
plain TeX doesn't allow \it or \sl in subscripts. Proceed,
and I'll try to forget that I needed that character.

! \textfont 0 is undefined (character e).
\Url@FormatString ...\Url@String \UrlRight \m@th $
                                                  
l.357 ...se-de-conocimiento/variables-de-entorno/}
                                                   (accedido 15/11/2024).
Somewhere in the math formula just ended, you used the
stated character from an undefined font family. For example,
plain TeX doesn't allow \it or \sl in subscripts. Proceed,
and I'll try to forget that I needed that character.

! \textfont 0 is undefined (character s).
\Url@FormatString ...\Url@String \UrlRight \m@th $
                                                  
l.357 ...se-de-conocimiento/variables-de-entorno/}
                                                   (accedido 15/11/2024).
Somewhere in the math formula just ended, you used the
stated character from an undefined font family. For example,
plain TeX doesn't allow \it or \sl in subscripts. Proceed,
and I'll try to forget that I needed that character.

! \textfont 0 is undefined (character /).
\Url@FormatString ...\Url@String \UrlRight \m@th $
                                                  
l.357 ...se-de-conocimiento/variables-de-entorno/}
                                                   (accedido 15/11/2024).
Somewhere in the math formula just ended, you used the
stated character from an undefined font family. For example,
plain TeX doesn't allow \it or \sl in subscripts. Proceed,
and I'll try to forget that I needed that character.

! \textfont 0 is undefined (character b).
\Url@FormatString ...\Url@String \UrlRight \m@th $
                                                  
l.357 ...se-de-conocimiento/variables-de-entorno/}
                                                   (accedido 15/11/2024).
Somewhere in the math formula just ended, you used the
stated character from an undefined font family. For example,
plain TeX doesn't allow \it or \sl in subscripts. Proceed,
and I'll try to forget that I needed that character.

! \textfont 0 is undefined (character a).
\Url@FormatString ...\Url@String \UrlRight \m@th $
                                                  
l.357 ...se-de-conocimiento/variables-de-entorno/}
                                                   (accedido 15/11/2024).
Somewhere in the math formula just ended, you used the
stated character from an undefined font family. For example,
plain TeX doesn't allow \it or \sl in subscripts. Proceed,
and I'll try to forget that I needed that character.

! \textfont 0 is undefined (character s).
\Url@FormatString ...\Url@String \UrlRight \m@th $
                                                  
l.357 ...se-de-conocimiento/variables-de-entorno/}
                                                   (accedido 15/11/2024).
Somewhere in the math formula just ended, you used the
stated character from an undefined font family. For example,
plain TeX doesn't allow \it or \sl in subscripts. Proceed,
and I'll try to forget that I needed that character.

! \textfont 0 is undefined (character e).
\Url@FormatString ...\Url@String \UrlRight \m@th $
                                                  
l.357 ...se-de-conocimiento/variables-de-entorno/}
                                                   (accedido 15/11/2024).
Somewhere in the math formula just ended, you used the
stated character from an undefined font family. For example,
plain TeX doesn't allow \it or \sl in subscripts. Proceed,
and I'll try to forget that I needed that character.

! \textfont 0 is undefined (character -).
\Url@FormatString ...\Url@String \UrlRight \m@th $
                                                  
l.357 ...se-de-conocimiento/variables-de-entorno/}
                                                   (accedido 15/11/2024).
Somewhere in the math formula just ended, you used the
stated character from an undefined font family. For example,
plain TeX doesn't allow \it or \sl in subscripts. Proceed,
and I'll try to forget that I needed that character.

! \textfont 0 is undefined (character d).
\Url@FormatString ...\Url@String \UrlRight \m@th $
                                                  
l.357 ...se-de-conocimiento/variables-de-entorno/}
                                                   (accedido 15/11/2024).
Somewhere in the math formula just ended, you used the
stated character from an undefined font family. For example,
plain TeX doesn't allow \it or \sl in subscripts. Proceed,
and I'll try to forget that I needed that character.

! \textfont 0 is undefined (character e).
\Url@FormatString ...\Url@String \UrlRight \m@th $
                                                  
l.357 ...se-de-conocimiento/variables-de-entorno/}
                                                   (accedido 15/11/2024).
Somewhere in the math formula just ended, you used the
stated character from an undefined font family. For example,
plain TeX doesn't allow \it or \sl in subscripts. Proceed,
and I'll try to forget that I needed that character.

! \textfont 0 is undefined (character -).
\Url@FormatString ...\Url@String \UrlRight \m@th $
                                                  
l.357 ...se-de-conocimiento/variables-de-entorno/}
                                                   (accedido 15/11/2024).
Somewhere in the math formula just ended, you used the
stated character from an undefined font family. For example,
plain TeX doesn't allow \it or \sl in subscripts. Proceed,
and I'll try to forget that I needed that character.

! \textfont 0 is undefined (character c).
\Url@FormatString ...\Url@String \UrlRight \m@th $
                                                  
l.357 ...se-de-conocimiento/variables-de-entorno/}
                                                   (accedido 15/11/2024).
Somewhere in the math formula just ended, you used the
stated character from an undefined font family. For example,
plain TeX doesn't allow \it or \sl in subscripts. Proceed,
and I'll try to forget that I needed that character.

! \textfont 0 is undefined (character o).
\Url@FormatString ...\Url@String \UrlRight \m@th $
                                                  
l.357 ...se-de-conocimiento/variables-de-entorno/}
                                                   (accedido 15/11/2024).
Somewhere in the math formula just ended, you used the
stated character from an undefined font family. For example,
plain TeX doesn't allow \it or \sl in subscripts. Proceed,
and I'll try to forget that I needed that character.

! \textfont 0 is undefined (character n).
\Url@FormatString ...\Url@String \UrlRight \m@th $
                                                  
l.357 ...se-de-conocimiento/variables-de-entorno/}
                                                   (accedido 15/11/2024).
Somewhere in the math formula just ended, you used the
stated character from an undefined font family. For example,
plain TeX doesn't allow \it or \sl in subscripts. Proceed,
and I'll try to forget that I needed that character.

! \textfont 0 is undefined (character o).
\Url@FormatString ...\Url@String \UrlRight \m@th $
                                                  
l.357 ...se-de-conocimiento/variables-de-entorno/}
                                                   (accedido 15/11/2024).
Somewhere in the math formula just ended, you used the
stated character from an undefined font family. For example,
plain TeX doesn't allow \it or \sl in subscripts. Proceed,
and I'll try to forget that I needed that character.

! \textfont 0 is undefined (character c).
\Url@FormatString ...\Url@String \UrlRight \m@th $
                                                  
l.357 ...se-de-conocimiento/variables-de-entorno/}
                                                   (accedido 15/11/2024).
Somewhere in the math formula just ended, you used the
stated character from an undefined font family. For example,
plain TeX doesn't allow \it or \sl in subscripts. Proceed,
and I'll try to forget that I needed that character.

! \textfont 0 is undefined (character i).
\Url@FormatString ...\Url@String \UrlRight \m@th $
                                                  
l.357 ...se-de-conocimiento/variables-de-entorno/}
                                                   (accedido 15/11/2024).
Somewhere in the math formula just ended, you used the
stated character from an undefined font family. For example,
plain TeX doesn't allow \it or \sl in subscripts. Proceed,
and I'll try to forget that I needed that character.

! \textfont 0 is undefined (character m).
\Url@FormatString ...\Url@String \UrlRight \m@th $
                                                  
l.357 ...se-de-conocimiento/variables-de-entorno/}
                                                   (accedido 15/11/2024).
Somewhere in the math formula just ended, you used the
stated character from an undefined font family. For example,
plain TeX doesn't allow \it or \sl in subscripts. Proceed,
and I'll try to forget that I needed that character.

! \textfont 0 is undefined (character i).
\Url@FormatString ...\Url@String \UrlRight \m@th $
                                                  
l.357 ...se-de-conocimiento/variables-de-entorno/}
                                                   (accedido 15/11/2024).
Somewhere in the math formula just ended, you used the
stated character from an undefined font family. For example,
plain TeX doesn't allow \it or \sl in subscripts. Proceed,
and I'll try to forget that I needed that character.

! \textfont 0 is undefined (character e).
\Url@FormatString ...\Url@String \UrlRight \m@th $
                                                  
l.357 ...se-de-conocimiento/variables-de-entorno/}
                                                   (accedido 15/11/2024).
Somewhere in the math formula just ended, you used the
stated character from an undefined font family. For example,
plain TeX doesn't allow \it or \sl in subscripts. Proceed,
and I'll try to forget that I needed that character.

! \textfont 0 is undefined (character n).
\Url@FormatString ...\Url@String \UrlRight \m@th $
                                                  
l.357 ...se-de-conocimiento/variables-de-entorno/}
                                                   (accedido 15/11/2024).
Somewhere in the math formula just ended, you used the
stated character from an undefined font family. For example,
plain TeX doesn't allow \it or \sl in subscripts. Proceed,
and I'll try to forget that I needed that character.

! \textfont 0 is undefined (character t).
\Url@FormatString ...\Url@String \UrlRight \m@th $
                                                  
l.357 ...se-de-conocimiento/variables-de-entorno/}
                                                   (accedido 15/11/2024).
Somewhere in the math formula just ended, you used the
stated character from an undefined font family. For example,
plain TeX doesn't allow \it or \sl in subscripts. Proceed,
and I'll try to forget that I needed that character.

! \textfont 0 is undefined (character o).
\Url@FormatString ...\Url@String \UrlRight \m@th $
                                                  
l.357 ...se-de-conocimiento/variables-de-entorno/}
                                                   (accedido 15/11/2024).
Somewhere in the math formula just ended, you used the
stated character from an undefined font family. For example,
plain TeX doesn't allow \it or \sl in subscripts. Proceed,
and I'll try to forget that I needed that character.

! \textfont 0 is undefined (character /).
\Url@FormatString ...\Url@String \UrlRight \m@th $
                                                  
l.357 ...se-de-conocimiento/variables-de-entorno/}
                                                   (accedido 15/11/2024).
Somewhere in the math formula just ended, you used the
stated character from an undefined font family. For example,
plain TeX doesn't allow \it or \sl in subscripts. Proceed,
and I'll try to forget that I needed that character.

! \textfont 0 is undefined (character v).
\Url@FormatString ...\Url@String \UrlRight \m@th $
                                                  
l.357 ...se-de-conocimiento/variables-de-entorno/}
                                                   (accedido 15/11/2024).
Somewhere in the math formula just ended, you used the
stated character from an undefined font family. For example,
plain TeX doesn't allow \it or \sl in subscripts. Proceed,
and I'll try to forget that I needed that character.

! \textfont 0 is undefined (character a).
\Url@FormatString ...\Url@String \UrlRight \m@th $
                                                  
l.357 ...se-de-conocimiento/variables-de-entorno/}
                                                   (accedido 15/11/2024).
Somewhere in the math formula just ended, you used the
stated character from an undefined font family. For example,
plain TeX doesn't allow \it or \sl in subscripts. Proceed,
and I'll try to forget that I needed that character.

! \textfont 0 is undefined (character r).
\Url@FormatString ...\Url@String \UrlRight \m@th $
                                                  
l.357 ...se-de-conocimiento/variables-de-entorno/}
                                                   (accedido 15/11/2024).
Somewhere in the math formula just ended, you used the
stated character from an undefined font family. For example,
plain TeX doesn't allow \it or \sl in subscripts. Proceed,
and I'll try to forget that I needed that character.

! \textfont 0 is undefined (character i).
\Url@FormatString ...\Url@String \UrlRight \m@th $
                                                  
l.357 ...se-de-conocimiento/variables-de-entorno/}
                                                   (accedido 15/11/2024).
Somewhere in the math formula just ended, you used the
stated character from an undefined font family. For example,
plain TeX doesn't allow \it or \sl in subscripts. Proceed,
and I'll try to forget that I needed that character.

! \textfont 0 is undefined (character a).
\Url@FormatString ...\Url@String \UrlRight \m@th $
                                                  
l.357 ...se-de-conocimiento/variables-de-entorno/}
                                                   (accedido 15/11/2024).
Somewhere in the math formula just ended, you used the
stated character from an undefined font family. For example,
plain TeX doesn't allow \it or \sl in subscripts. Proceed,
and I'll try to forget that I needed that character.

! \textfont 0 is undefined (character b).
\Url@FormatString ...\Url@String \UrlRight \m@th $
                                                  
l.357 ...se-de-conocimiento/variables-de-entorno/}
                                                   (accedido 15/11/2024).
Somewhere in the math formula just ended, you used the
stated character from an undefined font family. For example,
plain TeX doesn't allow \it or \sl in subscripts. Proceed,
and I'll try to forget that I needed that character.

! \textfont 0 is undefined (character l).
\Url@FormatString ...\Url@String \UrlRight \m@th $
                                                  
l.357 ...se-de-conocimiento/variables-de-entorno/}
                                                   (accedido 15/11/2024).
Somewhere in the math formula just ended, you used the
stated character from an undefined font family. For example,
plain TeX doesn't allow \it or \sl in subscripts. Proceed,
and I'll try to forget that I needed that character.

! \textfont 0 is undefined (character e).
\Url@FormatString ...\Url@String \UrlRight \m@th $
                                                  
l.357 ...se-de-conocimiento/variables-de-entorno/}
                                                   (accedido 15/11/2024).
Somewhere in the math formula just ended, you used the
stated character from an undefined font family. For example,
plain TeX doesn't allow \it or \sl in subscripts. Proceed,
and I'll try to forget that I needed that character.

! \textfont 0 is undefined (character s).
\Url@FormatString ...\Url@String \UrlRight \m@th $
                                                  
l.357 ...se-de-conocimiento/variables-de-entorno/}
                                                   (accedido 15/11/2024).
Somewhere in the math formula just ended, you used the
stated character from an undefined font family. For example,
plain TeX doesn't allow \it or \sl in subscripts. Proceed,
and I'll try to forget that I needed that character.

! \textfont 0 is undefined (character -).
\Url@FormatString ...\Url@String \UrlRight \m@th $
                                                  
l.357 ...se-de-conocimiento/variables-de-entorno/}
                                                   (accedido 15/11/2024).
Somewhere in the math formula just ended, you used the
stated character from an undefined font family. For example,
plain TeX doesn't allow \it or \sl in subscripts. Proceed,
and I'll try to forget that I needed that character.

! \textfont 0 is undefined (character d).
\Url@FormatString ...\Url@String \UrlRight \m@th $
                                                  
l.357 ...se-de-conocimiento/variables-de-entorno/}
                                                   (accedido 15/11/2024).
Somewhere in the math formula just ended, you used the
stated character from an undefined font family. For example,
plain TeX doesn't allow \it or \sl in subscripts. Proceed,
and I'll try to forget that I needed that character.

! \textfont 0 is undefined (character e).
\Url@FormatString ...\Url@String \UrlRight \m@th $
                                                  
l.357 ...se-de-conocimiento/variables-de-entorno/}
                                                   (accedido 15/11/2024).
Somewhere in the math formula just ended, you used the
stated character from an undefined font family. For example,
plain TeX doesn't allow \it or \sl in subscripts. Proceed,
and I'll try to forget that I needed that character.

! \textfont 0 is undefined (character -).
\Url@FormatString ...\Url@String \UrlRight \m@th $
                                                  
l.357 ...se-de-conocimiento/variables-de-entorno/}
                                                   (accedido 15/11/2024).
Somewhere in the math formula just ended, you used the
stated character from an undefined font family. For example,
plain TeX doesn't allow \it or \sl in subscripts. Proceed,
and I'll try to forget that I needed that character.

! \textfont 0 is undefined (character e).
\Url@FormatString ...\Url@String \UrlRight \m@th $
                                                  
l.357 ...se-de-conocimiento/variables-de-entorno/}
                                                   (accedido 15/11/2024).
Somewhere in the math formula just ended, you used the
stated character from an undefined font family. For example,
plain TeX doesn't allow \it or \sl in subscripts. Proceed,
and I'll try to forget that I needed that character.

! \textfont 0 is undefined (character n).
\Url@FormatString ...\Url@String \UrlRight \m@th $
                                                  
l.357 ...se-de-conocimiento/variables-de-entorno/}
                                                   (accedido 15/11/2024).
Somewhere in the math formula just ended, you used the
stated character from an undefined font family. For example,
plain TeX doesn't allow \it or \sl in subscripts. Proceed,
and I'll try to forget that I needed that character.

! \textfont 0 is undefined (character t).
\Url@FormatString ...\Url@String \UrlRight \m@th $
                                                  
l.357 ...se-de-conocimiento/variables-de-entorno/}
                                                   (accedido 15/11/2024).
Somewhere in the math formula just ended, you used the
stated character from an undefined font family. For example,
plain TeX doesn't allow \it or \sl in subscripts. Proceed,
and I'll try to forget that I needed that character.

! \textfont 0 is undefined (character o).
\Url@FormatString ...\Url@String \UrlRight \m@th $
                                                  
l.357 ...se-de-conocimiento/variables-de-entorno/}
                                                   (accedido 15/11/2024).
Somewhere in the math formula just ended, you used the
stated character from an undefined font family. For example,
plain TeX doesn't allow \it or \sl in subscripts. Proceed,
and I'll try to forget that I needed that character.

! \textfont 0 is undefined (character r).
\Url@FormatString ...\Url@String \UrlRight \m@th $
                                                  
l.357 ...se-de-conocimiento/variables-de-entorno/}
                                                   (accedido 15/11/2024).
Somewhere in the math formula just ended, you used the
stated character from an undefined font family. For example,
plain TeX doesn't allow \it or \sl in subscripts. Proceed,
and I'll try to forget that I needed that character.

! \textfont 0 is undefined (character n).
\Url@FormatString ...\Url@String \UrlRight \m@th $
                                                  
l.357 ...se-de-conocimiento/variables-de-entorno/}
                                                   (accedido 15/11/2024).
Somewhere in the math formula just ended, you used the
stated character from an undefined font family. For example,
plain TeX doesn't allow \it or \sl in subscripts. Proceed,
and I'll try to forget that I needed that character.

! \textfont 0 is undefined (character o).
\Url@FormatString ...\Url@String \UrlRight \m@th $
                                                  
l.357 ...se-de-conocimiento/variables-de-entorno/}
                                                   (accedido 15/11/2024).
Somewhere in the math formula just ended, you used the
stated character from an undefined font family. For example,
plain TeX doesn't allow \it or \sl in subscripts. Proceed,
and I'll try to forget that I needed that character.

! \textfont 0 is undefined (character /).
\Url@FormatString ...\Url@String \UrlRight \m@th $
                                                  
l.357 ...se-de-conocimiento/variables-de-entorno/}
                                                   (accedido 15/11/2024).
Somewhere in the math formula just ended, you used the
stated character from an undefined font family. For example,
plain TeX doesn't allow \it or \sl in subscripts. Proceed,
and I'll try to forget that I needed that character.

! \textfont 0 is undefined (character h).
\Url@FormatString ...\Url@String \UrlRight \m@th $
                                                  
l.360 .../www.skysnag.com/es/blog/what-is-bcrypt/}
                                                    (accedido 15/11/2024).
Somewhere in the math formula just ended, you used the
stated character from an undefined font family. For example,
plain TeX doesn't allow \it or \sl in subscripts. Proceed,
and I'll try to forget that I needed that character.

! \textfont 0 is undefined (character t).
\Url@FormatString ...\Url@String \UrlRight \m@th $
                                                  
l.360 .../www.skysnag.com/es/blog/what-is-bcrypt/}
                                                    (accedido 15/11/2024).
Somewhere in the math formula just ended, you used the
stated character from an undefined font family. For example,
plain TeX doesn't allow \it or \sl in subscripts. Proceed,
and I'll try to forget that I needed that character.

! \textfont 0 is undefined (character t).
\Url@FormatString ...\Url@String \UrlRight \m@th $
                                                  
l.360 .../www.skysnag.com/es/blog/what-is-bcrypt/}
                                                    (accedido 15/11/2024).
Somewhere in the math formula just ended, you used the
stated character from an undefined font family. For example,
plain TeX doesn't allow \it or \sl in subscripts. Proceed,
and I'll try to forget that I needed that character.

! \textfont 0 is undefined (character p).
\Url@FormatString ...\Url@String \UrlRight \m@th $
                                                  
l.360 .../www.skysnag.com/es/blog/what-is-bcrypt/}
                                                    (accedido 15/11/2024).
Somewhere in the math formula just ended, you used the
stated character from an undefined font family. For example,
plain TeX doesn't allow \it or \sl in subscripts. Proceed,
and I'll try to forget that I needed that character.

! \textfont 0 is undefined (character s).
\Url@FormatString ...\Url@String \UrlRight \m@th $
                                                  
l.360 .../www.skysnag.com/es/blog/what-is-bcrypt/}
                                                    (accedido 15/11/2024).
Somewhere in the math formula just ended, you used the
stated character from an undefined font family. For example,
plain TeX doesn't allow \it or \sl in subscripts. Proceed,
and I'll try to forget that I needed that character.

! \textfont 0 is undefined (character :).
\Url@FormatString ...\Url@String \UrlRight \m@th $
                                                  
l.360 .../www.skysnag.com/es/blog/what-is-bcrypt/}
                                                    (accedido 15/11/2024).
Somewhere in the math formula just ended, you used the
stated character from an undefined font family. For example,
plain TeX doesn't allow \it or \sl in subscripts. Proceed,
and I'll try to forget that I needed that character.

! \textfont 0 is undefined (character /).
\Url@FormatString ...\Url@String \UrlRight \m@th $
                                                  
l.360 .../www.skysnag.com/es/blog/what-is-bcrypt/}
                                                    (accedido 15/11/2024).
Somewhere in the math formula just ended, you used the
stated character from an undefined font family. For example,
plain TeX doesn't allow \it or \sl in subscripts. Proceed,
and I'll try to forget that I needed that character.

! \textfont 0 is undefined (character /).
\Url@FormatString ...\Url@String \UrlRight \m@th $
                                                  
l.360 .../www.skysnag.com/es/blog/what-is-bcrypt/}
                                                    (accedido 15/11/2024).
Somewhere in the math formula just ended, you used the
stated character from an undefined font family. For example,
plain TeX doesn't allow \it or \sl in subscripts. Proceed,
and I'll try to forget that I needed that character.

! \textfont 0 is undefined (character w).
\Url@FormatString ...\Url@String \UrlRight \m@th $
                                                  
l.360 .../www.skysnag.com/es/blog/what-is-bcrypt/}
                                                    (accedido 15/11/2024).
Somewhere in the math formula just ended, you used the
stated character from an undefined font family. For example,
plain TeX doesn't allow \it or \sl in subscripts. Proceed,
and I'll try to forget that I needed that character.

! \textfont 0 is undefined (character w).
\Url@FormatString ...\Url@String \UrlRight \m@th $
                                                  
l.360 .../www.skysnag.com/es/blog/what-is-bcrypt/}
                                                    (accedido 15/11/2024).
Somewhere in the math formula just ended, you used the
stated character from an undefined font family. For example,
plain TeX doesn't allow \it or \sl in subscripts. Proceed,
and I'll try to forget that I needed that character.

! \textfont 0 is undefined (character w).
\Url@FormatString ...\Url@String \UrlRight \m@th $
                                                  
l.360 .../www.skysnag.com/es/blog/what-is-bcrypt/}
                                                    (accedido 15/11/2024).
Somewhere in the math formula just ended, you used the
stated character from an undefined font family. For example,
plain TeX doesn't allow \it or \sl in subscripts. Proceed,
and I'll try to forget that I needed that character.

! \textfont 0 is undefined (character .).
\Url@FormatString ...\Url@String \UrlRight \m@th $
                                                  
l.360 .../www.skysnag.com/es/blog/what-is-bcrypt/}
                                                    (accedido 15/11/2024).
Somewhere in the math formula just ended, you used the
stated character from an undefined font family. For example,
plain TeX doesn't allow \it or \sl in subscripts. Proceed,
and I'll try to forget that I needed that character.

! \textfont 0 is undefined (character s).
\Url@FormatString ...\Url@String \UrlRight \m@th $
                                                  
l.360 .../www.skysnag.com/es/blog/what-is-bcrypt/}
                                                    (accedido 15/11/2024).
Somewhere in the math formula just ended, you used the
stated character from an undefined font family. For example,
plain TeX doesn't allow \it or \sl in subscripts. Proceed,
and I'll try to forget that I needed that character.

! \textfont 0 is undefined (character k).
\Url@FormatString ...\Url@String \UrlRight \m@th $
                                                  
l.360 .../www.skysnag.com/es/blog/what-is-bcrypt/}
                                                    (accedido 15/11/2024).
Somewhere in the math formula just ended, you used the
stated character from an undefined font family. For example,
plain TeX doesn't allow \it or \sl in subscripts. Proceed,
and I'll try to forget that I needed that character.

! \textfont 0 is undefined (character y).
\Url@FormatString ...\Url@String \UrlRight \m@th $
                                                  
l.360 .../www.skysnag.com/es/blog/what-is-bcrypt/}
                                                    (accedido 15/11/2024).
Somewhere in the math formula just ended, you used the
stated character from an undefined font family. For example,
plain TeX doesn't allow \it or \sl in subscripts. Proceed,
and I'll try to forget that I needed that character.

! \textfont 0 is undefined (character s).
\Url@FormatString ...\Url@String \UrlRight \m@th $
                                                  
l.360 .../www.skysnag.com/es/blog/what-is-bcrypt/}
                                                    (accedido 15/11/2024).
Somewhere in the math formula just ended, you used the
stated character from an undefined font family. For example,
plain TeX doesn't allow \it or \sl in subscripts. Proceed,
and I'll try to forget that I needed that character.

! \textfont 0 is undefined (character n).
\Url@FormatString ...\Url@String \UrlRight \m@th $
                                                  
l.360 .../www.skysnag.com/es/blog/what-is-bcrypt/}
                                                    (accedido 15/11/2024).
Somewhere in the math formula just ended, you used the
stated character from an undefined font family. For example,
plain TeX doesn't allow \it or \sl in subscripts. Proceed,
and I'll try to forget that I needed that character.

! \textfont 0 is undefined (character a).
\Url@FormatString ...\Url@String \UrlRight \m@th $
                                                  
l.360 .../www.skysnag.com/es/blog/what-is-bcrypt/}
                                                    (accedido 15/11/2024).
Somewhere in the math formula just ended, you used the
stated character from an undefined font family. For example,
plain TeX doesn't allow \it or \sl in subscripts. Proceed,
and I'll try to forget that I needed that character.

! \textfont 0 is undefined (character g).
\Url@FormatString ...\Url@String \UrlRight \m@th $
                                                  
l.360 .../www.skysnag.com/es/blog/what-is-bcrypt/}
                                                    (accedido 15/11/2024).
Somewhere in the math formula just ended, you used the
stated character from an undefined font family. For example,
plain TeX doesn't allow \it or \sl in subscripts. Proceed,
and I'll try to forget that I needed that character.

! \textfont 0 is undefined (character .).
\Url@FormatString ...\Url@String \UrlRight \m@th $
                                                  
l.360 .../www.skysnag.com/es/blog/what-is-bcrypt/}
                                                    (accedido 15/11/2024).
Somewhere in the math formula just ended, you used the
stated character from an undefined font family. For example,
plain TeX doesn't allow \it or \sl in subscripts. Proceed,
and I'll try to forget that I needed that character.

! \textfont 0 is undefined (character c).
\Url@FormatString ...\Url@String \UrlRight \m@th $
                                                  
l.360 .../www.skysnag.com/es/blog/what-is-bcrypt/}
                                                    (accedido 15/11/2024).
Somewhere in the math formula just ended, you used the
stated character from an undefined font family. For example,
plain TeX doesn't allow \it or \sl in subscripts. Proceed,
and I'll try to forget that I needed that character.

! \textfont 0 is undefined (character o).
\Url@FormatString ...\Url@String \UrlRight \m@th $
                                                  
l.360 .../www.skysnag.com/es/blog/what-is-bcrypt/}
                                                    (accedido 15/11/2024).
Somewhere in the math formula just ended, you used the
stated character from an undefined font family. For example,
plain TeX doesn't allow \it or \sl in subscripts. Proceed,
and I'll try to forget that I needed that character.

! \textfont 0 is undefined (character m).
\Url@FormatString ...\Url@String \UrlRight \m@th $
                                                  
l.360 .../www.skysnag.com/es/blog/what-is-bcrypt/}
                                                    (accedido 15/11/2024).
Somewhere in the math formula just ended, you used the
stated character from an undefined font family. For example,
plain TeX doesn't allow \it or \sl in subscripts. Proceed,
and I'll try to forget that I needed that character.

! \textfont 0 is undefined (character /).
\Url@FormatString ...\Url@String \UrlRight \m@th $
                                                  
l.360 .../www.skysnag.com/es/blog/what-is-bcrypt/}
                                                    (accedido 15/11/2024).
Somewhere in the math formula just ended, you used the
stated character from an undefined font family. For example,
plain TeX doesn't allow \it or \sl in subscripts. Proceed,
and I'll try to forget that I needed that character.

! \textfont 0 is undefined (character e).
\Url@FormatString ...\Url@String \UrlRight \m@th $
                                                  
l.360 .../www.skysnag.com/es/blog/what-is-bcrypt/}
                                                    (accedido 15/11/2024).
Somewhere in the math formula just ended, you used the
stated character from an undefined font family. For example,
plain TeX doesn't allow \it or \sl in subscripts. Proceed,
and I'll try to forget that I needed that character.

! \textfont 0 is undefined (character s).
\Url@FormatString ...\Url@String \UrlRight \m@th $
                                                  
l.360 .../www.skysnag.com/es/blog/what-is-bcrypt/}
                                                    (accedido 15/11/2024).
Somewhere in the math formula just ended, you used the
stated character from an undefined font family. For example,
plain TeX doesn't allow \it or \sl in subscripts. Proceed,
and I'll try to forget that I needed that character.

! \textfont 0 is undefined (character /).
\Url@FormatString ...\Url@String \UrlRight \m@th $
                                                  
l.360 .../www.skysnag.com/es/blog/what-is-bcrypt/}
                                                    (accedido 15/11/2024).
Somewhere in the math formula just ended, you used the
stated character from an undefined font family. For example,
plain TeX doesn't allow \it or \sl in subscripts. Proceed,
and I'll try to forget that I needed that character.

! \textfont 0 is undefined (character b).
\Url@FormatString ...\Url@String \UrlRight \m@th $
                                                  
l.360 .../www.skysnag.com/es/blog/what-is-bcrypt/}
                                                    (accedido 15/11/2024).
Somewhere in the math formula just ended, you used the
stated character from an undefined font family. For example,
plain TeX doesn't allow \it or \sl in subscripts. Proceed,
and I'll try to forget that I needed that character.

! \textfont 0 is undefined (character l).
\Url@FormatString ...\Url@String \UrlRight \m@th $
                                                  
l.360 .../www.skysnag.com/es/blog/what-is-bcrypt/}
                                                    (accedido 15/11/2024).
Somewhere in the math formula just ended, you used the
stated character from an undefined font family. For example,
plain TeX doesn't allow \it or \sl in subscripts. Proceed,
and I'll try to forget that I needed that character.

! \textfont 0 is undefined (character o).
\Url@FormatString ...\Url@String \UrlRight \m@th $
                                                  
l.360 .../www.skysnag.com/es/blog/what-is-bcrypt/}
                                                    (accedido 15/11/2024).
Somewhere in the math formula just ended, you used the
stated character from an undefined font family. For example,
plain TeX doesn't allow \it or \sl in subscripts. Proceed,
and I'll try to forget that I needed that character.

! \textfont 0 is undefined (character g).
\Url@FormatString ...\Url@String \UrlRight \m@th $
                                                  
l.360 .../www.skysnag.com/es/blog/what-is-bcrypt/}
                                                    (accedido 15/11/2024).
Somewhere in the math formula just ended, you used the
stated character from an undefined font family. For example,
plain TeX doesn't allow \it or \sl in subscripts. Proceed,
and I'll try to forget that I needed that character.

! \textfont 0 is undefined (character /).
\Url@FormatString ...\Url@String \UrlRight \m@th $
                                                  
l.360 .../www.skysnag.com/es/blog/what-is-bcrypt/}
                                                    (accedido 15/11/2024).
Somewhere in the math formula just ended, you used the
stated character from an undefined font family. For example,
plain TeX doesn't allow \it or \sl in subscripts. Proceed,
and I'll try to forget that I needed that character.

! \textfont 0 is undefined (character w).
\Url@FormatString ...\Url@String \UrlRight \m@th $
                                                  
l.360 .../www.skysnag.com/es/blog/what-is-bcrypt/}
                                                    (accedido 15/11/2024).
Somewhere in the math formula just ended, you used the
stated character from an undefined font family. For example,
plain TeX doesn't allow \it or \sl in subscripts. Proceed,
and I'll try to forget that I needed that character.

! \textfont 0 is undefined (character h).
\Url@FormatString ...\Url@String \UrlRight \m@th $
                                                  
l.360 .../www.skysnag.com/es/blog/what-is-bcrypt/}
                                                    (accedido 15/11/2024).
Somewhere in the math formula just ended, you used the
stated character from an undefined font family. For example,
plain TeX doesn't allow \it or \sl in subscripts. Proceed,
and I'll try to forget that I needed that character.

! \textfont 0 is undefined (character a).
\Url@FormatString ...\Url@String \UrlRight \m@th $
                                                  
l.360 .../www.skysnag.com/es/blog/what-is-bcrypt/}
                                                    (accedido 15/11/2024).
Somewhere in the math formula just ended, you used the
stated character from an undefined font family. For example,
plain TeX doesn't allow \it or \sl in subscripts. Proceed,
and I'll try to forget that I needed that character.

! \textfont 0 is undefined (character t).
\Url@FormatString ...\Url@String \UrlRight \m@th $
                                                  
l.360 .../www.skysnag.com/es/blog/what-is-bcrypt/}
                                                    (accedido 15/11/2024).
Somewhere in the math formula just ended, you used the
stated character from an undefined font family. For example,
plain TeX doesn't allow \it or \sl in subscripts. Proceed,
and I'll try to forget that I needed that character.

! \textfont 0 is undefined (character -).
\Url@FormatString ...\Url@String \UrlRight \m@th $
                                                  
l.360 .../www.skysnag.com/es/blog/what-is-bcrypt/}
                                                    (accedido 15/11/2024).
Somewhere in the math formula just ended, you used the
stated character from an undefined font family. For example,
plain TeX doesn't allow \it or \sl in subscripts. Proceed,
and I'll try to forget that I needed that character.

! \textfont 0 is undefined (character i).
\Url@FormatString ...\Url@String \UrlRight \m@th $
                                                  
l.360 .../www.skysnag.com/es/blog/what-is-bcrypt/}
                                                    (accedido 15/11/2024).
Somewhere in the math formula just ended, you used the
stated character from an undefined font family. For example,
plain TeX doesn't allow \it or \sl in subscripts. Proceed,
and I'll try to forget that I needed that character.

! \textfont 0 is undefined (character s).
\Url@FormatString ...\Url@String \UrlRight \m@th $
                                                  
l.360 .../www.skysnag.com/es/blog/what-is-bcrypt/}
                                                    (accedido 15/11/2024).
Somewhere in the math formula just ended, you used the
stated character from an undefined font family. For example,
plain TeX doesn't allow \it or \sl in subscripts. Proceed,
and I'll try to forget that I needed that character.

! \textfont 0 is undefined (character -).
\Url@FormatString ...\Url@String \UrlRight \m@th $
                                                  
l.360 .../www.skysnag.com/es/blog/what-is-bcrypt/}
                                                    (accedido 15/11/2024).
Somewhere in the math formula just ended, you used the
stated character from an undefined font family. For example,
plain TeX doesn't allow \it or \sl in subscripts. Proceed,
and I'll try to forget that I needed that character.

! \textfont 0 is undefined (character b).
\Url@FormatString ...\Url@String \UrlRight \m@th $
                                                  
l.360 .../www.skysnag.com/es/blog/what-is-bcrypt/}
                                                    (accedido 15/11/2024).
Somewhere in the math formula just ended, you used the
stated character from an undefined font family. For example,
plain TeX doesn't allow \it or \sl in subscripts. Proceed,
and I'll try to forget that I needed that character.

! \textfont 0 is undefined (character c).
\Url@FormatString ...\Url@String \UrlRight \m@th $
                                                  
l.360 .../www.skysnag.com/es/blog/what-is-bcrypt/}
                                                    (accedido 15/11/2024).
Somewhere in the math formula just ended, you used the
stated character from an undefined font family. For example,
plain TeX doesn't allow \it or \sl in subscripts. Proceed,
and I'll try to forget that I needed that character.

! \textfont 0 is undefined (character r).
\Url@FormatString ...\Url@String \UrlRight \m@th $
                                                  
l.360 .../www.skysnag.com/es/blog/what-is-bcrypt/}
                                                    (accedido 15/11/2024).
Somewhere in the math formula just ended, you used the
stated character from an undefined font family. For example,
plain TeX doesn't allow \it or \sl in subscripts. Proceed,
and I'll try to forget that I needed that character.

! \textfont 0 is undefined (character y).
\Url@FormatString ...\Url@String \UrlRight \m@th $
                                                  
l.360 .../www.skysnag.com/es/blog/what-is-bcrypt/}
                                                    (accedido 15/11/2024).
Somewhere in the math formula just ended, you used the
stated character from an undefined font family. For example,
plain TeX doesn't allow \it or \sl in subscripts. Proceed,
and I'll try to forget that I needed that character.

! \textfont 0 is undefined (character p).
\Url@FormatString ...\Url@String \UrlRight \m@th $
                                                  
l.360 .../www.skysnag.com/es/blog/what-is-bcrypt/}
                                                    (accedido 15/11/2024).
Somewhere in the math formula just ended, you used the
stated character from an undefined font family. For example,
plain TeX doesn't allow \it or \sl in subscripts. Proceed,
and I'll try to forget that I needed that character.

! \textfont 0 is undefined (character t).
\Url@FormatString ...\Url@String \UrlRight \m@th $
                                                  
l.360 .../www.skysnag.com/es/blog/what-is-bcrypt/}
                                                    (accedido 15/11/2024).
Somewhere in the math formula just ended, you used the
stated character from an undefined font family. For example,
plain TeX doesn't allow \it or \sl in subscripts. Proceed,
and I'll try to forget that I needed that character.

! \textfont 0 is undefined (character /).
\Url@FormatString ...\Url@String \UrlRight \m@th $
                                                  
l.360 .../www.skysnag.com/es/blog/what-is-bcrypt/}
                                                    (accedido 15/11/2024).
Somewhere in the math formula just ended, you used the
stated character from an undefined font family. For example,
plain TeX doesn't allow \it or \sl in subscripts. Proceed,
and I'll try to forget that I needed that character.

! \textfont 0 is undefined (character h).
\Url@FormatString ...\Url@String \UrlRight \m@th $
                                                  
l.362 ...op10/es/A02_2021-Cryptographic_Failures/}
                                                   (accedido 16/11/2024).
Somewhere in the math formula just ended, you used the
stated character from an undefined font family. For example,
plain TeX doesn't allow \it or \sl in subscripts. Proceed,
and I'll try to forget that I needed that character.

! \textfont 0 is undefined (character t).
\Url@FormatString ...\Url@String \UrlRight \m@th $
                                                  
l.362 ...op10/es/A02_2021-Cryptographic_Failures/}
                                                   (accedido 16/11/2024).
Somewhere in the math formula just ended, you used the
stated character from an undefined font family. For example,
plain TeX doesn't allow \it or \sl in subscripts. Proceed,
and I'll try to forget that I needed that character.

! \textfont 0 is undefined (character t).
\Url@FormatString ...\Url@String \UrlRight \m@th $
                                                  
l.362 ...op10/es/A02_2021-Cryptographic_Failures/}
                                                   (accedido 16/11/2024).
Somewhere in the math formula just ended, you used the
stated character from an undefined font family. For example,
plain TeX doesn't allow \it or \sl in subscripts. Proceed,
and I'll try to forget that I needed that character.

! \textfont 0 is undefined (character p).
\Url@FormatString ...\Url@String \UrlRight \m@th $
                                                  
l.362 ...op10/es/A02_2021-Cryptographic_Failures/}
                                                   (accedido 16/11/2024).
Somewhere in the math formula just ended, you used the
stated character from an undefined font family. For example,
plain TeX doesn't allow \it or \sl in subscripts. Proceed,
and I'll try to forget that I needed that character.

! \textfont 0 is undefined (character s).
\Url@FormatString ...\Url@String \UrlRight \m@th $
                                                  
l.362 ...op10/es/A02_2021-Cryptographic_Failures/}
                                                   (accedido 16/11/2024).
Somewhere in the math formula just ended, you used the
stated character from an undefined font family. For example,
plain TeX doesn't allow \it or \sl in subscripts. Proceed,
and I'll try to forget that I needed that character.

! \textfont 0 is undefined (character :).
\Url@FormatString ...\Url@String \UrlRight \m@th $
                                                  
l.362 ...op10/es/A02_2021-Cryptographic_Failures/}
                                                   (accedido 16/11/2024).
Somewhere in the math formula just ended, you used the
stated character from an undefined font family. For example,
plain TeX doesn't allow \it or \sl in subscripts. Proceed,
and I'll try to forget that I needed that character.

! \textfont 0 is undefined (character /).
\Url@FormatString ...\Url@String \UrlRight \m@th $
                                                  
l.362 ...op10/es/A02_2021-Cryptographic_Failures/}
                                                   (accedido 16/11/2024).
Somewhere in the math formula just ended, you used the
stated character from an undefined font family. For example,
plain TeX doesn't allow \it or \sl in subscripts. Proceed,
and I'll try to forget that I needed that character.

! \textfont 0 is undefined (character /).
\Url@FormatString ...\Url@String \UrlRight \m@th $
                                                  
l.362 ...op10/es/A02_2021-Cryptographic_Failures/}
                                                   (accedido 16/11/2024).
Somewhere in the math formula just ended, you used the
stated character from an undefined font family. For example,
plain TeX doesn't allow \it or \sl in subscripts. Proceed,
and I'll try to forget that I needed that character.

! \textfont 0 is undefined (character o).
\Url@FormatString ...\Url@String \UrlRight \m@th $
                                                  
l.362 ...op10/es/A02_2021-Cryptographic_Failures/}
                                                   (accedido 16/11/2024).
Somewhere in the math formula just ended, you used the
stated character from an undefined font family. For example,
plain TeX doesn't allow \it or \sl in subscripts. Proceed,
and I'll try to forget that I needed that character.

! \textfont 0 is undefined (character w).
\Url@FormatString ...\Url@String \UrlRight \m@th $
                                                  
l.362 ...op10/es/A02_2021-Cryptographic_Failures/}
                                                   (accedido 16/11/2024).
Somewhere in the math formula just ended, you used the
stated character from an undefined font family. For example,
plain TeX doesn't allow \it or \sl in subscripts. Proceed,
and I'll try to forget that I needed that character.

! \textfont 0 is undefined (character a).
\Url@FormatString ...\Url@String \UrlRight \m@th $
                                                  
l.362 ...op10/es/A02_2021-Cryptographic_Failures/}
                                                   (accedido 16/11/2024).
Somewhere in the math formula just ended, you used the
stated character from an undefined font family. For example,
plain TeX doesn't allow \it or \sl in subscripts. Proceed,
and I'll try to forget that I needed that character.

! \textfont 0 is undefined (character s).
\Url@FormatString ...\Url@String \UrlRight \m@th $
                                                  
l.362 ...op10/es/A02_2021-Cryptographic_Failures/}
                                                   (accedido 16/11/2024).
Somewhere in the math formula just ended, you used the
stated character from an undefined font family. For example,
plain TeX doesn't allow \it or \sl in subscripts. Proceed,
and I'll try to forget that I needed that character.

! \textfont 0 is undefined (character p).
\Url@FormatString ...\Url@String \UrlRight \m@th $
                                                  
l.362 ...op10/es/A02_2021-Cryptographic_Failures/}
                                                   (accedido 16/11/2024).
Somewhere in the math formula just ended, you used the
stated character from an undefined font family. For example,
plain TeX doesn't allow \it or \sl in subscripts. Proceed,
and I'll try to forget that I needed that character.

! \textfont 0 is undefined (character .).
\Url@FormatString ...\Url@String \UrlRight \m@th $
                                                  
l.362 ...op10/es/A02_2021-Cryptographic_Failures/}
                                                   (accedido 16/11/2024).
Somewhere in the math formula just ended, you used the
stated character from an undefined font family. For example,
plain TeX doesn't allow \it or \sl in subscripts. Proceed,
and I'll try to forget that I needed that character.

! \textfont 0 is undefined (character o).
\Url@FormatString ...\Url@String \UrlRight \m@th $
                                                  
l.362 ...op10/es/A02_2021-Cryptographic_Failures/}
                                                   (accedido 16/11/2024).
Somewhere in the math formula just ended, you used the
stated character from an undefined font family. For example,
plain TeX doesn't allow \it or \sl in subscripts. Proceed,
and I'll try to forget that I needed that character.

! \textfont 0 is undefined (character r).
\Url@FormatString ...\Url@String \UrlRight \m@th $
                                                  
l.362 ...op10/es/A02_2021-Cryptographic_Failures/}
                                                   (accedido 16/11/2024).
Somewhere in the math formula just ended, you used the
stated character from an undefined font family. For example,
plain TeX doesn't allow \it or \sl in subscripts. Proceed,
and I'll try to forget that I needed that character.

! \textfont 0 is undefined (character g).
\Url@FormatString ...\Url@String \UrlRight \m@th $
                                                  
l.362 ...op10/es/A02_2021-Cryptographic_Failures/}
                                                   (accedido 16/11/2024).
Somewhere in the math formula just ended, you used the
stated character from an undefined font family. For example,
plain TeX doesn't allow \it or \sl in subscripts. Proceed,
and I'll try to forget that I needed that character.

! \textfont 0 is undefined (character /).
\Url@FormatString ...\Url@String \UrlRight \m@th $
                                                  
l.362 ...op10/es/A02_2021-Cryptographic_Failures/}
                                                   (accedido 16/11/2024).
Somewhere in the math formula just ended, you used the
stated character from an undefined font family. For example,
plain TeX doesn't allow \it or \sl in subscripts. Proceed,
and I'll try to forget that I needed that character.

! \textfont 0 is undefined (character T).
\Url@FormatString ...\Url@String \UrlRight \m@th $
                                                  
l.362 ...op10/es/A02_2021-Cryptographic_Failures/}
                                                   (accedido 16/11/2024).
Somewhere in the math formula just ended, you used the
stated character from an undefined font family. For example,
plain TeX doesn't allow \it or \sl in subscripts. Proceed,
and I'll try to forget that I needed that character.

! \textfont 0 is undefined (character o).
\Url@FormatString ...\Url@String \UrlRight \m@th $
                                                  
l.362 ...op10/es/A02_2021-Cryptographic_Failures/}
                                                   (accedido 16/11/2024).
Somewhere in the math formula just ended, you used the
stated character from an undefined font family. For example,
plain TeX doesn't allow \it or \sl in subscripts. Proceed,
and I'll try to forget that I needed that character.

! \textfont 0 is undefined (character p).
\Url@FormatString ...\Url@String \UrlRight \m@th $
                                                  
l.362 ...op10/es/A02_2021-Cryptographic_Failures/}
                                                   (accedido 16/11/2024).
Somewhere in the math formula just ended, you used the
stated character from an undefined font family. For example,
plain TeX doesn't allow \it or \sl in subscripts. Proceed,
and I'll try to forget that I needed that character.

! \textfont 0 is undefined (character 1).
\Url@FormatString ...\Url@String \UrlRight \m@th $
                                                  
l.362 ...op10/es/A02_2021-Cryptographic_Failures/}
                                                   (accedido 16/11/2024).
Somewhere in the math formula just ended, you used the
stated character from an undefined font family. For example,
plain TeX doesn't allow \it or \sl in subscripts. Proceed,
and I'll try to forget that I needed that character.

! \textfont 0 is undefined (character 0).
\Url@FormatString ...\Url@String \UrlRight \m@th $
                                                  
l.362 ...op10/es/A02_2021-Cryptographic_Failures/}
                                                   (accedido 16/11/2024).
Somewhere in the math formula just ended, you used the
stated character from an undefined font family. For example,
plain TeX doesn't allow \it or \sl in subscripts. Proceed,
and I'll try to forget that I needed that character.

! \textfont 0 is undefined (character /).
\Url@FormatString ...\Url@String \UrlRight \m@th $
                                                  
l.362 ...op10/es/A02_2021-Cryptographic_Failures/}
                                                   (accedido 16/11/2024).
Somewhere in the math formula just ended, you used the
stated character from an undefined font family. For example,
plain TeX doesn't allow \it or \sl in subscripts. Proceed,
and I'll try to forget that I needed that character.

! \textfont 0 is undefined (character e).
\Url@FormatString ...\Url@String \UrlRight \m@th $
                                                  
l.362 ...op10/es/A02_2021-Cryptographic_Failures/}
                                                   (accedido 16/11/2024).
Somewhere in the math formula just ended, you used the
stated character from an undefined font family. For example,
plain TeX doesn't allow \it or \sl in subscripts. Proceed,
and I'll try to forget that I needed that character.

! \textfont 0 is undefined (character s).
\Url@FormatString ...\Url@String \UrlRight \m@th $
                                                  
l.362 ...op10/es/A02_2021-Cryptographic_Failures/}
                                                   (accedido 16/11/2024).
Somewhere in the math formula just ended, you used the
stated character from an undefined font family. For example,
plain TeX doesn't allow \it or \sl in subscripts. Proceed,
and I'll try to forget that I needed that character.

! \textfont 0 is undefined (character /).
\Url@FormatString ...\Url@String \UrlRight \m@th $
                                                  
l.362 ...op10/es/A02_2021-Cryptographic_Failures/}
                                                   (accedido 16/11/2024).
Somewhere in the math formula just ended, you used the
stated character from an undefined font family. For example,
plain TeX doesn't allow \it or \sl in subscripts. Proceed,
and I'll try to forget that I needed that character.

! \textfont 0 is undefined (character A).
\Url@FormatString ...\Url@String \UrlRight \m@th $
                                                  
l.362 ...op10/es/A02_2021-Cryptographic_Failures/}
                                                   (accedido 16/11/2024).
Somewhere in the math formula just ended, you used the
stated character from an undefined font family. For example,
plain TeX doesn't allow \it or \sl in subscripts. Proceed,
and I'll try to forget that I needed that character.

! \textfont 0 is undefined (character 0).
\Url@FormatString ...\Url@String \UrlRight \m@th $
                                                  
l.362 ...op10/es/A02_2021-Cryptographic_Failures/}
                                                   (accedido 16/11/2024).
Somewhere in the math formula just ended, you used the
stated character from an undefined font family. For example,
plain TeX doesn't allow \it or \sl in subscripts. Proceed,
and I'll try to forget that I needed that character.

! \textfont 0 is undefined (character 2).
\Url@FormatString ...\Url@String \UrlRight \m@th $
                                                  
l.362 ...op10/es/A02_2021-Cryptographic_Failures/}
                                                   (accedido 16/11/2024).
Somewhere in the math formula just ended, you used the
stated character from an undefined font family. For example,
plain TeX doesn't allow \it or \sl in subscripts. Proceed,
and I'll try to forget that I needed that character.

! \textfont 0 is undefined (character _).
\Url@FormatString ...\Url@String \UrlRight \m@th $
                                                  
l.362 ...op10/es/A02_2021-Cryptographic_Failures/}
                                                   (accedido 16/11/2024).
Somewhere in the math formula just ended, you used the
stated character from an undefined font family. For example,
plain TeX doesn't allow \it or \sl in subscripts. Proceed,
and I'll try to forget that I needed that character.

! \textfont 0 is undefined (character 2).
\Url@FormatString ...\Url@String \UrlRight \m@th $
                                                  
l.362 ...op10/es/A02_2021-Cryptographic_Failures/}
                                                   (accedido 16/11/2024).
Somewhere in the math formula just ended, you used the
stated character from an undefined font family. For example,
plain TeX doesn't allow \it or \sl in subscripts. Proceed,
and I'll try to forget that I needed that character.

! \textfont 0 is undefined (character 0).
\Url@FormatString ...\Url@String \UrlRight \m@th $
                                                  
l.362 ...op10/es/A02_2021-Cryptographic_Failures/}
                                                   (accedido 16/11/2024).
Somewhere in the math formula just ended, you used the
stated character from an undefined font family. For example,
plain TeX doesn't allow \it or \sl in subscripts. Proceed,
and I'll try to forget that I needed that character.

! \textfont 0 is undefined (character 2).
\Url@FormatString ...\Url@String \UrlRight \m@th $
                                                  
l.362 ...op10/es/A02_2021-Cryptographic_Failures/}
                                                   (accedido 16/11/2024).
Somewhere in the math formula just ended, you used the
stated character from an undefined font family. For example,
plain TeX doesn't allow \it or \sl in subscripts. Proceed,
and I'll try to forget that I needed that character.

! \textfont 0 is undefined (character 1).
\Url@FormatString ...\Url@String \UrlRight \m@th $
                                                  
l.362 ...op10/es/A02_2021-Cryptographic_Failures/}
                                                   (accedido 16/11/2024).
Somewhere in the math formula just ended, you used the
stated character from an undefined font family. For example,
plain TeX doesn't allow \it or \sl in subscripts. Proceed,
and I'll try to forget that I needed that character.

! \textfont 0 is undefined (character -).
\Url@FormatString ...\Url@String \UrlRight \m@th $
                                                  
l.362 ...op10/es/A02_2021-Cryptographic_Failures/}
                                                   (accedido 16/11/2024).
Somewhere in the math formula just ended, you used the
stated character from an undefined font family. For example,
plain TeX doesn't allow \it or \sl in subscripts. Proceed,
and I'll try to forget that I needed that character.

! \textfont 0 is undefined (character C).
\Url@FormatString ...\Url@String \UrlRight \m@th $
                                                  
l.362 ...op10/es/A02_2021-Cryptographic_Failures/}
                                                   (accedido 16/11/2024).
Somewhere in the math formula just ended, you used the
stated character from an undefined font family. For example,
plain TeX doesn't allow \it or \sl in subscripts. Proceed,
and I'll try to forget that I needed that character.

! \textfont 0 is undefined (character r).
\Url@FormatString ...\Url@String \UrlRight \m@th $
                                                  
l.362 ...op10/es/A02_2021-Cryptographic_Failures/}
                                                   (accedido 16/11/2024).
Somewhere in the math formula just ended, you used the
stated character from an undefined font family. For example,
plain TeX doesn't allow \it or \sl in subscripts. Proceed,
and I'll try to forget that I needed that character.

! \textfont 0 is undefined (character y).
\Url@FormatString ...\Url@String \UrlRight \m@th $
                                                  
l.362 ...op10/es/A02_2021-Cryptographic_Failures/}
                                                   (accedido 16/11/2024).
Somewhere in the math formula just ended, you used the
stated character from an undefined font family. For example,
plain TeX doesn't allow \it or \sl in subscripts. Proceed,
and I'll try to forget that I needed that character.

! \textfont 0 is undefined (character p).
\Url@FormatString ...\Url@String \UrlRight \m@th $
                                                  
l.362 ...op10/es/A02_2021-Cryptographic_Failures/}
                                                   (accedido 16/11/2024).
Somewhere in the math formula just ended, you used the
stated character from an undefined font family. For example,
plain TeX doesn't allow \it or \sl in subscripts. Proceed,
and I'll try to forget that I needed that character.

! \textfont 0 is undefined (character t).
\Url@FormatString ...\Url@String \UrlRight \m@th $
                                                  
l.362 ...op10/es/A02_2021-Cryptographic_Failures/}
                                                   (accedido 16/11/2024).
Somewhere in the math formula just ended, you used the
stated character from an undefined font family. For example,
plain TeX doesn't allow \it or \sl in subscripts. Proceed,
and I'll try to forget that I needed that character.

! \textfont 0 is undefined (character o).
\Url@FormatString ...\Url@String \UrlRight \m@th $
                                                  
l.362 ...op10/es/A02_2021-Cryptographic_Failures/}
                                                   (accedido 16/11/2024).
Somewhere in the math formula just ended, you used the
stated character from an undefined font family. For example,
plain TeX doesn't allow \it or \sl in subscripts. Proceed,
and I'll try to forget that I needed that character.

! \textfont 0 is undefined (character g).
\Url@FormatString ...\Url@String \UrlRight \m@th $
                                                  
l.362 ...op10/es/A02_2021-Cryptographic_Failures/}
                                                   (accedido 16/11/2024).
Somewhere in the math formula just ended, you used the
stated character from an undefined font family. For example,
plain TeX doesn't allow \it or \sl in subscripts. Proceed,
and I'll try to forget that I needed that character.

! \textfont 0 is undefined (character r).
\Url@FormatString ...\Url@String \UrlRight \m@th $
                                                  
l.362 ...op10/es/A02_2021-Cryptographic_Failures/}
                                                   (accedido 16/11/2024).
Somewhere in the math formula just ended, you used the
stated character from an undefined font family. For example,
plain TeX doesn't allow \it or \sl in subscripts. Proceed,
and I'll try to forget that I needed that character.

! \textfont 0 is undefined (character a).
\Url@FormatString ...\Url@String \UrlRight \m@th $
                                                  
l.362 ...op10/es/A02_2021-Cryptographic_Failures/}
                                                   (accedido 16/11/2024).
Somewhere in the math formula just ended, you used the
stated character from an undefined font family. For example,
plain TeX doesn't allow \it or \sl in subscripts. Proceed,
and I'll try to forget that I needed that character.

! \textfont 0 is undefined (character p).
\Url@FormatString ...\Url@String \UrlRight \m@th $
                                                  
l.362 ...op10/es/A02_2021-Cryptographic_Failures/}
                                                   (accedido 16/11/2024).
Somewhere in the math formula just ended, you used the
stated character from an undefined font family. For example,
plain TeX doesn't allow \it or \sl in subscripts. Proceed,
and I'll try to forget that I needed that character.

! \textfont 0 is undefined (character h).
\Url@FormatString ...\Url@String \UrlRight \m@th $
                                                  
l.362 ...op10/es/A02_2021-Cryptographic_Failures/}
                                                   (accedido 16/11/2024).
Somewhere in the math formula just ended, you used the
stated character from an undefined font family. For example,
plain TeX doesn't allow \it or \sl in subscripts. Proceed,
and I'll try to forget that I needed that character.

! \textfont 0 is undefined (character i).
\Url@FormatString ...\Url@String \UrlRight \m@th $
                                                  
l.362 ...op10/es/A02_2021-Cryptographic_Failures/}
                                                   (accedido 16/11/2024).
Somewhere in the math formula just ended, you used the
stated character from an undefined font family. For example,
plain TeX doesn't allow \it or \sl in subscripts. Proceed,
and I'll try to forget that I needed that character.

! \textfont 0 is undefined (character c).
\Url@FormatString ...\Url@String \UrlRight \m@th $
                                                  
l.362 ...op10/es/A02_2021-Cryptographic_Failures/}
                                                   (accedido 16/11/2024).
Somewhere in the math formula just ended, you used the
stated character from an undefined font family. For example,
plain TeX doesn't allow \it or \sl in subscripts. Proceed,
and I'll try to forget that I needed that character.

! \textfont 0 is undefined (character _).
\Url@FormatString ...\Url@String \UrlRight \m@th $
                                                  
l.362 ...op10/es/A02_2021-Cryptographic_Failures/}
                                                   (accedido 16/11/2024).
Somewhere in the math formula just ended, you used the
stated character from an undefined font family. For example,
plain TeX doesn't allow \it or \sl in subscripts. Proceed,
and I'll try to forget that I needed that character.

! \textfont 0 is undefined (character F).
\Url@FormatString ...\Url@String \UrlRight \m@th $
                                                  
l.362 ...op10/es/A02_2021-Cryptographic_Failures/}
                                                   (accedido 16/11/2024).
Somewhere in the math formula just ended, you used the
stated character from an undefined font family. For example,
plain TeX doesn't allow \it or \sl in subscripts. Proceed,
and I'll try to forget that I needed that character.

! \textfont 0 is undefined (character a).
\Url@FormatString ...\Url@String \UrlRight \m@th $
                                                  
l.362 ...op10/es/A02_2021-Cryptographic_Failures/}
                                                   (accedido 16/11/2024).
Somewhere in the math formula just ended, you used the
stated character from an undefined font family. For example,
plain TeX doesn't allow \it or \sl in subscripts. Proceed,
and I'll try to forget that I needed that character.

! \textfont 0 is undefined (character i).
\Url@FormatString ...\Url@String \UrlRight \m@th $
                                                  
l.362 ...op10/es/A02_2021-Cryptographic_Failures/}
                                                   (accedido 16/11/2024).
Somewhere in the math formula just ended, you used the
stated character from an undefined font family. For example,
plain TeX doesn't allow \it or \sl in subscripts. Proceed,
and I'll try to forget that I needed that character.

! \textfont 0 is undefined (character l).
\Url@FormatString ...\Url@String \UrlRight \m@th $
                                                  
l.362 ...op10/es/A02_2021-Cryptographic_Failures/}
                                                   (accedido 16/11/2024).
Somewhere in the math formula just ended, you used the
stated character from an undefined font family. For example,
plain TeX doesn't allow \it or \sl in subscripts. Proceed,
and I'll try to forget that I needed that character.

! \textfont 0 is undefined (character u).
\Url@FormatString ...\Url@String \UrlRight \m@th $
                                                  
l.362 ...op10/es/A02_2021-Cryptographic_Failures/}
                                                   (accedido 16/11/2024).
Somewhere in the math formula just ended, you used the
stated character from an undefined font family. For example,
plain TeX doesn't allow \it or \sl in subscripts. Proceed,
and I'll try to forget that I needed that character.

! \textfont 0 is undefined (character r).
\Url@FormatString ...\Url@String \UrlRight \m@th $
                                                  
l.362 ...op10/es/A02_2021-Cryptographic_Failures/}
                                                   (accedido 16/11/2024).
Somewhere in the math formula just ended, you used the
stated character from an undefined font family. For example,
plain TeX doesn't allow \it or \sl in subscripts. Proceed,
and I'll try to forget that I needed that character.

! \textfont 0 is undefined (character e).
\Url@FormatString ...\Url@String \UrlRight \m@th $
                                                  
l.362 ...op10/es/A02_2021-Cryptographic_Failures/}
                                                   (accedido 16/11/2024).
Somewhere in the math formula just ended, you used the
stated character from an undefined font family. For example,
plain TeX doesn't allow \it or \sl in subscripts. Proceed,
and I'll try to forget that I needed that character.

! \textfont 0 is undefined (character s).
\Url@FormatString ...\Url@String \UrlRight \m@th $
                                                  
l.362 ...op10/es/A02_2021-Cryptographic_Failures/}
                                                   (accedido 16/11/2024).
Somewhere in the math formula just ended, you used the
stated character from an undefined font family. For example,
plain TeX doesn't allow \it or \sl in subscripts. Proceed,
and I'll try to forget that I needed that character.

! \textfont 0 is undefined (character /).
\Url@FormatString ...\Url@String \UrlRight \m@th $
                                                  
l.362 ...op10/es/A02_2021-Cryptographic_Failures/}
                                                   (accedido 16/11/2024).
Somewhere in the math formula just ended, you used the
stated character from an undefined font family. For example,
plain TeX doesn't allow \it or \sl in subscripts. Proceed,
and I'll try to forget that I needed that character.

! \textfont 0 is undefined (character h).
\Url@FormatString ...\Url@String \UrlRight \m@th $
                                                  
l.364 .../aws.amazon.com/es/what-is/cryptography/}
                                                   (accedido 16/11/2024).
Somewhere in the math formula just ended, you used the
stated character from an undefined font family. For example,
plain TeX doesn't allow \it or \sl in subscripts. Proceed,
and I'll try to forget that I needed that character.

! \textfont 0 is undefined (character t).
\Url@FormatString ...\Url@String \UrlRight \m@th $
                                                  
l.364 .../aws.amazon.com/es/what-is/cryptography/}
                                                   (accedido 16/11/2024).
Somewhere in the math formula just ended, you used the
stated character from an undefined font family. For example,
plain TeX doesn't allow \it or \sl in subscripts. Proceed,
and I'll try to forget that I needed that character.

! \textfont 0 is undefined (character t).
\Url@FormatString ...\Url@String \UrlRight \m@th $
                                                  
l.364 .../aws.amazon.com/es/what-is/cryptography/}
                                                   (accedido 16/11/2024).
Somewhere in the math formula just ended, you used the
stated character from an undefined font family. For example,
plain TeX doesn't allow \it or \sl in subscripts. Proceed,
and I'll try to forget that I needed that character.

! \textfont 0 is undefined (character p).
\Url@FormatString ...\Url@String \UrlRight \m@th $
                                                  
l.364 .../aws.amazon.com/es/what-is/cryptography/}
                                                   (accedido 16/11/2024).
Somewhere in the math formula just ended, you used the
stated character from an undefined font family. For example,
plain TeX doesn't allow \it or \sl in subscripts. Proceed,
and I'll try to forget that I needed that character.

! \textfont 0 is undefined (character s).
\Url@FormatString ...\Url@String \UrlRight \m@th $
                                                  
l.364 .../aws.amazon.com/es/what-is/cryptography/}
                                                   (accedido 16/11/2024).
Somewhere in the math formula just ended, you used the
stated character from an undefined font family. For example,
plain TeX doesn't allow \it or \sl in subscripts. Proceed,
and I'll try to forget that I needed that character.

! \textfont 0 is undefined (character :).
\Url@FormatString ...\Url@String \UrlRight \m@th $
                                                  
l.364 .../aws.amazon.com/es/what-is/cryptography/}
                                                   (accedido 16/11/2024).
Somewhere in the math formula just ended, you used the
stated character from an undefined font family. For example,
plain TeX doesn't allow \it or \sl in subscripts. Proceed,
and I'll try to forget that I needed that character.

! \textfont 0 is undefined (character /).
\Url@FormatString ...\Url@String \UrlRight \m@th $
                                                  
l.364 .../aws.amazon.com/es/what-is/cryptography/}
                                                   (accedido 16/11/2024).
Somewhere in the math formula just ended, you used the
stated character from an undefined font family. For example,
plain TeX doesn't allow \it or \sl in subscripts. Proceed,
and I'll try to forget that I needed that character.

! \textfont 0 is undefined (character /).
\Url@FormatString ...\Url@String \UrlRight \m@th $
                                                  
l.364 .../aws.amazon.com/es/what-is/cryptography/}
                                                   (accedido 16/11/2024).
Somewhere in the math formula just ended, you used the
stated character from an undefined font family. For example,
plain TeX doesn't allow \it or \sl in subscripts. Proceed,
and I'll try to forget that I needed that character.

! \textfont 0 is undefined (character a).
\Url@FormatString ...\Url@String \UrlRight \m@th $
                                                  
l.364 .../aws.amazon.com/es/what-is/cryptography/}
                                                   (accedido 16/11/2024).
Somewhere in the math formula just ended, you used the
stated character from an undefined font family. For example,
plain TeX doesn't allow \it or \sl in subscripts. Proceed,
and I'll try to forget that I needed that character.

! \textfont 0 is undefined (character w).
\Url@FormatString ...\Url@String \UrlRight \m@th $
                                                  
l.364 .../aws.amazon.com/es/what-is/cryptography/}
                                                   (accedido 16/11/2024).
Somewhere in the math formula just ended, you used the
stated character from an undefined font family. For example,
plain TeX doesn't allow \it or \sl in subscripts. Proceed,
and I'll try to forget that I needed that character.

! \textfont 0 is undefined (character s).
\Url@FormatString ...\Url@String \UrlRight \m@th $
                                                  
l.364 .../aws.amazon.com/es/what-is/cryptography/}
                                                   (accedido 16/11/2024).
Somewhere in the math formula just ended, you used the
stated character from an undefined font family. For example,
plain TeX doesn't allow \it or \sl in subscripts. Proceed,
and I'll try to forget that I needed that character.

! \textfont 0 is undefined (character .).
\Url@FormatString ...\Url@String \UrlRight \m@th $
                                                  
l.364 .../aws.amazon.com/es/what-is/cryptography/}
                                                   (accedido 16/11/2024).
Somewhere in the math formula just ended, you used the
stated character from an undefined font family. For example,
plain TeX doesn't allow \it or \sl in subscripts. Proceed,
and I'll try to forget that I needed that character.

! \textfont 0 is undefined (character a).
\Url@FormatString ...\Url@String \UrlRight \m@th $
                                                  
l.364 .../aws.amazon.com/es/what-is/cryptography/}
                                                   (accedido 16/11/2024).
Somewhere in the math formula just ended, you used the
stated character from an undefined font family. For example,
plain TeX doesn't allow \it or \sl in subscripts. Proceed,
and I'll try to forget that I needed that character.

! \textfont 0 is undefined (character m).
\Url@FormatString ...\Url@String \UrlRight \m@th $
                                                  
l.364 .../aws.amazon.com/es/what-is/cryptography/}
                                                   (accedido 16/11/2024).
Somewhere in the math formula just ended, you used the
stated character from an undefined font family. For example,
plain TeX doesn't allow \it or \sl in subscripts. Proceed,
and I'll try to forget that I needed that character.

! \textfont 0 is undefined (character a).
\Url@FormatString ...\Url@String \UrlRight \m@th $
                                                  
l.364 .../aws.amazon.com/es/what-is/cryptography/}
                                                   (accedido 16/11/2024).
Somewhere in the math formula just ended, you used the
stated character from an undefined font family. For example,
plain TeX doesn't allow \it or \sl in subscripts. Proceed,
and I'll try to forget that I needed that character.

! \textfont 0 is undefined (character z).
\Url@FormatString ...\Url@String \UrlRight \m@th $
                                                  
l.364 .../aws.amazon.com/es/what-is/cryptography/}
                                                   (accedido 16/11/2024).
Somewhere in the math formula just ended, you used the
stated character from an undefined font family. For example,
plain TeX doesn't allow \it or \sl in subscripts. Proceed,
and I'll try to forget that I needed that character.

! \textfont 0 is undefined (character o).
\Url@FormatString ...\Url@String \UrlRight \m@th $
                                                  
l.364 .../aws.amazon.com/es/what-is/cryptography/}
                                                   (accedido 16/11/2024).
Somewhere in the math formula just ended, you used the
stated character from an undefined font family. For example,
plain TeX doesn't allow \it or \sl in subscripts. Proceed,
and I'll try to forget that I needed that character.

! \textfont 0 is undefined (character n).
\Url@FormatString ...\Url@String \UrlRight \m@th $
                                                  
l.364 .../aws.amazon.com/es/what-is/cryptography/}
                                                   (accedido 16/11/2024).
Somewhere in the math formula just ended, you used the
stated character from an undefined font family. For example,
plain TeX doesn't allow \it or \sl in subscripts. Proceed,
and I'll try to forget that I needed that character.

! \textfont 0 is undefined (character .).
\Url@FormatString ...\Url@String \UrlRight \m@th $
                                                  
l.364 .../aws.amazon.com/es/what-is/cryptography/}
                                                   (accedido 16/11/2024).
Somewhere in the math formula just ended, you used the
stated character from an undefined font family. For example,
plain TeX doesn't allow \it or \sl in subscripts. Proceed,
and I'll try to forget that I needed that character.

! \textfont 0 is undefined (character c).
\Url@FormatString ...\Url@String \UrlRight \m@th $
                                                  
l.364 .../aws.amazon.com/es/what-is/cryptography/}
                                                   (accedido 16/11/2024).
Somewhere in the math formula just ended, you used the
stated character from an undefined font family. For example,
plain TeX doesn't allow \it or \sl in subscripts. Proceed,
and I'll try to forget that I needed that character.

! \textfont 0 is undefined (character o).
\Url@FormatString ...\Url@String \UrlRight \m@th $
                                                  
l.364 .../aws.amazon.com/es/what-is/cryptography/}
                                                   (accedido 16/11/2024).
Somewhere in the math formula just ended, you used the
stated character from an undefined font family. For example,
plain TeX doesn't allow \it or \sl in subscripts. Proceed,
and I'll try to forget that I needed that character.

! \textfont 0 is undefined (character m).
\Url@FormatString ...\Url@String \UrlRight \m@th $
                                                  
l.364 .../aws.amazon.com/es/what-is/cryptography/}
                                                   (accedido 16/11/2024).
Somewhere in the math formula just ended, you used the
stated character from an undefined font family. For example,
plain TeX doesn't allow \it or \sl in subscripts. Proceed,
and I'll try to forget that I needed that character.

! \textfont 0 is undefined (character /).
\Url@FormatString ...\Url@String \UrlRight \m@th $
                                                  
l.364 .../aws.amazon.com/es/what-is/cryptography/}
                                                   (accedido 16/11/2024).
Somewhere in the math formula just ended, you used the
stated character from an undefined font family. For example,
plain TeX doesn't allow \it or \sl in subscripts. Proceed,
and I'll try to forget that I needed that character.

! \textfont 0 is undefined (character e).
\Url@FormatString ...\Url@String \UrlRight \m@th $
                                                  
l.364 .../aws.amazon.com/es/what-is/cryptography/}
                                                   (accedido 16/11/2024).
Somewhere in the math formula just ended, you used the
stated character from an undefined font family. For example,
plain TeX doesn't allow \it or \sl in subscripts. Proceed,
and I'll try to forget that I needed that character.

! \textfont 0 is undefined (character s).
\Url@FormatString ...\Url@String \UrlRight \m@th $
                                                  
l.364 .../aws.amazon.com/es/what-is/cryptography/}
                                                   (accedido 16/11/2024).
Somewhere in the math formula just ended, you used the
stated character from an undefined font family. For example,
plain TeX doesn't allow \it or \sl in subscripts. Proceed,
and I'll try to forget that I needed that character.

! \textfont 0 is undefined (character /).
\Url@FormatString ...\Url@String \UrlRight \m@th $
                                                  
l.364 .../aws.amazon.com/es/what-is/cryptography/}
                                                   (accedido 16/11/2024).
Somewhere in the math formula just ended, you used the
stated character from an undefined font family. For example,
plain TeX doesn't allow \it or \sl in subscripts. Proceed,
and I'll try to forget that I needed that character.

! \textfont 0 is undefined (character w).
\Url@FormatString ...\Url@String \UrlRight \m@th $
                                                  
l.364 .../aws.amazon.com/es/what-is/cryptography/}
                                                   (accedido 16/11/2024).
Somewhere in the math formula just ended, you used the
stated character from an undefined font family. For example,
plain TeX doesn't allow \it or \sl in subscripts. Proceed,
and I'll try to forget that I needed that character.

! \textfont 0 is undefined (character h).
\Url@FormatString ...\Url@String \UrlRight \m@th $
                                                  
l.364 .../aws.amazon.com/es/what-is/cryptography/}
                                                   (accedido 16/11/2024).
Somewhere in the math formula just ended, you used the
stated character from an undefined font family. For example,
plain TeX doesn't allow \it or \sl in subscripts. Proceed,
and I'll try to forget that I needed that character.

! \textfont 0 is undefined (character a).
\Url@FormatString ...\Url@String \UrlRight \m@th $
                                                  
l.364 .../aws.amazon.com/es/what-is/cryptography/}
                                                   (accedido 16/11/2024).
Somewhere in the math formula just ended, you used the
stated character from an undefined font family. For example,
plain TeX doesn't allow \it or \sl in subscripts. Proceed,
and I'll try to forget that I needed that character.

! \textfont 0 is undefined (character t).
\Url@FormatString ...\Url@String \UrlRight \m@th $
                                                  
l.364 .../aws.amazon.com/es/what-is/cryptography/}
                                                   (accedido 16/11/2024).
Somewhere in the math formula just ended, you used the
stated character from an undefined font family. For example,
plain TeX doesn't allow \it or \sl in subscripts. Proceed,
and I'll try to forget that I needed that character.

! \textfont 0 is undefined (character -).
\Url@FormatString ...\Url@String \UrlRight \m@th $
                                                  
l.364 .../aws.amazon.com/es/what-is/cryptography/}
                                                   (accedido 16/11/2024).
Somewhere in the math formula just ended, you used the
stated character from an undefined font family. For example,
plain TeX doesn't allow \it or \sl in subscripts. Proceed,
and I'll try to forget that I needed that character.

! \textfont 0 is undefined (character i).
\Url@FormatString ...\Url@String \UrlRight \m@th $
                                                  
l.364 .../aws.amazon.com/es/what-is/cryptography/}
                                                   (accedido 16/11/2024).
Somewhere in the math formula just ended, you used the
stated character from an undefined font family. For example,
plain TeX doesn't allow \it or \sl in subscripts. Proceed,
and I'll try to forget that I needed that character.

! \textfont 0 is undefined (character s).
\Url@FormatString ...\Url@String \UrlRight \m@th $
                                                  
l.364 .../aws.amazon.com/es/what-is/cryptography/}
                                                   (accedido 16/11/2024).
Somewhere in the math formula just ended, you used the
stated character from an undefined font family. For example,
plain TeX doesn't allow \it or \sl in subscripts. Proceed,
and I'll try to forget that I needed that character.

! \textfont 0 is undefined (character /).
\Url@FormatString ...\Url@String \UrlRight \m@th $
                                                  
l.364 .../aws.amazon.com/es/what-is/cryptography/}
                                                   (accedido 16/11/2024).
Somewhere in the math formula just ended, you used the
stated character from an undefined font family. For example,
plain TeX doesn't allow \it or \sl in subscripts. Proceed,
and I'll try to forget that I needed that character.

! \textfont 0 is undefined (character c).
\Url@FormatString ...\Url@String \UrlRight \m@th $
                                                  
l.364 .../aws.amazon.com/es/what-is/cryptography/}
                                                   (accedido 16/11/2024).
Somewhere in the math formula just ended, you used the
stated character from an undefined font family. For example,
plain TeX doesn't allow \it or \sl in subscripts. Proceed,
and I'll try to forget that I needed that character.

! \textfont 0 is undefined (character r).
\Url@FormatString ...\Url@String \UrlRight \m@th $
                                                  
l.364 .../aws.amazon.com/es/what-is/cryptography/}
                                                   (accedido 16/11/2024).
Somewhere in the math formula just ended, you used the
stated character from an undefined font family. For example,
plain TeX doesn't allow \it or \sl in subscripts. Proceed,
and I'll try to forget that I needed that character.

! \textfont 0 is undefined (character y).
\Url@FormatString ...\Url@String \UrlRight \m@th $
                                                  
l.364 .../aws.amazon.com/es/what-is/cryptography/}
                                                   (accedido 16/11/2024).
Somewhere in the math formula just ended, you used the
stated character from an undefined font family. For example,
plain TeX doesn't allow \it or \sl in subscripts. Proceed,
and I'll try to forget that I needed that character.

! \textfont 0 is undefined (character p).
\Url@FormatString ...\Url@String \UrlRight \m@th $
                                                  
l.364 .../aws.amazon.com/es/what-is/cryptography/}
                                                   (accedido 16/11/2024).
Somewhere in the math formula just ended, you used the
stated character from an undefined font family. For example,
plain TeX doesn't allow \it or \sl in subscripts. Proceed,
and I'll try to forget that I needed that character.

! \textfont 0 is undefined (character t).
\Url@FormatString ...\Url@String \UrlRight \m@th $
                                                  
l.364 .../aws.amazon.com/es/what-is/cryptography/}
                                                   (accedido 16/11/2024).
Somewhere in the math formula just ended, you used the
stated character from an undefined font family. For example,
plain TeX doesn't allow \it or \sl in subscripts. Proceed,
and I'll try to forget that I needed that character.

! \textfont 0 is undefined (character o).
\Url@FormatString ...\Url@String \UrlRight \m@th $
                                                  
l.364 .../aws.amazon.com/es/what-is/cryptography/}
                                                   (accedido 16/11/2024).
Somewhere in the math formula just ended, you used the
stated character from an undefined font family. For example,
plain TeX doesn't allow \it or \sl in subscripts. Proceed,
and I'll try to forget that I needed that character.

! \textfont 0 is undefined (character g).
\Url@FormatString ...\Url@String \UrlRight \m@th $
                                                  
l.364 .../aws.amazon.com/es/what-is/cryptography/}
                                                   (accedido 16/11/2024).
Somewhere in the math formula just ended, you used the
stated character from an undefined font family. For example,
plain TeX doesn't allow \it or \sl in subscripts. Proceed,
and I'll try to forget that I needed that character.

! \textfont 0 is undefined (character r).
\Url@FormatString ...\Url@String \UrlRight \m@th $
                                                  
l.364 .../aws.amazon.com/es/what-is/cryptography/}
                                                   (accedido 16/11/2024).
Somewhere in the math formula just ended, you used the
stated character from an undefined font family. For example,
plain TeX doesn't allow \it or \sl in subscripts. Proceed,
and I'll try to forget that I needed that character.

! \textfont 0 is undefined (character a).
\Url@FormatString ...\Url@String \UrlRight \m@th $
                                                  
l.364 .../aws.amazon.com/es/what-is/cryptography/}
                                                   (accedido 16/11/2024).
Somewhere in the math formula just ended, you used the
stated character from an undefined font family. For example,
plain TeX doesn't allow \it or \sl in subscripts. Proceed,
and I'll try to forget that I needed that character.

! \textfont 0 is undefined (character p).
\Url@FormatString ...\Url@String \UrlRight \m@th $
                                                  
l.364 .../aws.amazon.com/es/what-is/cryptography/}
                                                   (accedido 16/11/2024).
Somewhere in the math formula just ended, you used the
stated character from an undefined font family. For example,
plain TeX doesn't allow \it or \sl in subscripts. Proceed,
and I'll try to forget that I needed that character.

! \textfont 0 is undefined (character h).
\Url@FormatString ...\Url@String \UrlRight \m@th $
                                                  
l.364 .../aws.amazon.com/es/what-is/cryptography/}
                                                   (accedido 16/11/2024).
Somewhere in the math formula just ended, you used the
stated character from an undefined font family. For example,
plain TeX doesn't allow \it or \sl in subscripts. Proceed,
and I'll try to forget that I needed that character.

! \textfont 0 is undefined (character y).
\Url@FormatString ...\Url@String \UrlRight \m@th $
                                                  
l.364 .../aws.amazon.com/es/what-is/cryptography/}
                                                   (accedido 16/11/2024).
Somewhere in the math formula just ended, you used the
stated character from an undefined font family. For example,
plain TeX doesn't allow \it or \sl in subscripts. Proceed,
and I'll try to forget that I needed that character.

! \textfont 0 is undefined (character /).
\Url@FormatString ...\Url@String \UrlRight \m@th $
                                                  
l.364 .../aws.amazon.com/es/what-is/cryptography/}
                                                   (accedido 16/11/2024).
Somewhere in the math formula just ended, you used the
stated character from an undefined font family. For example,
plain TeX doesn't allow \it or \sl in subscripts. Proceed,
and I'll try to forget that I needed that character.

! \textfont 0 is undefined (character h).
\Url@FormatString ...\Url@String \UrlRight \m@th $
                                                  
l.366 ...ersity/advanced-encryption-standard-aes/}
                                                   (accedido 16/11/2024).
Somewhere in the math formula just ended, you used the
stated character from an undefined font family. For example,
plain TeX doesn't allow \it or \sl in subscripts. Proceed,
and I'll try to forget that I needed that character.

! \textfont 0 is undefined (character t).
\Url@FormatString ...\Url@String \UrlRight \m@th $
                                                  
l.366 ...ersity/advanced-encryption-standard-aes/}
                                                   (accedido 16/11/2024).
Somewhere in the math formula just ended, you used the
stated character from an undefined font family. For example,
plain TeX doesn't allow \it or \sl in subscripts. Proceed,
and I'll try to forget that I needed that character.

! \textfont 0 is undefined (character t).
\Url@FormatString ...\Url@String \UrlRight \m@th $
                                                  
l.366 ...ersity/advanced-encryption-standard-aes/}
                                                   (accedido 16/11/2024).
Somewhere in the math formula just ended, you used the
stated character from an undefined font family. For example,
plain TeX doesn't allow \it or \sl in subscripts. Proceed,
and I'll try to forget that I needed that character.

! \textfont 0 is undefined (character p).
\Url@FormatString ...\Url@String \UrlRight \m@th $
                                                  
l.366 ...ersity/advanced-encryption-standard-aes/}
                                                   (accedido 16/11/2024).
Somewhere in the math formula just ended, you used the
stated character from an undefined font family. For example,
plain TeX doesn't allow \it or \sl in subscripts. Proceed,
and I'll try to forget that I needed that character.

! \textfont 0 is undefined (character s).
\Url@FormatString ...\Url@String \UrlRight \m@th $
                                                  
l.366 ...ersity/advanced-encryption-standard-aes/}
                                                   (accedido 16/11/2024).
Somewhere in the math formula just ended, you used the
stated character from an undefined font family. For example,
plain TeX doesn't allow \it or \sl in subscripts. Proceed,
and I'll try to forget that I needed that character.

! \textfont 0 is undefined (character :).
\Url@FormatString ...\Url@String \UrlRight \m@th $
                                                  
l.366 ...ersity/advanced-encryption-standard-aes/}
                                                   (accedido 16/11/2024).
Somewhere in the math formula just ended, you used the
stated character from an undefined font family. For example,
plain TeX doesn't allow \it or \sl in subscripts. Proceed,
and I'll try to forget that I needed that character.

! \textfont 0 is undefined (character /).
\Url@FormatString ...\Url@String \UrlRight \m@th $
                                                  
l.366 ...ersity/advanced-encryption-standard-aes/}
                                                   (accedido 16/11/2024).
Somewhere in the math formula just ended, you used the
stated character from an undefined font family. For example,
plain TeX doesn't allow \it or \sl in subscripts. Proceed,
and I'll try to forget that I needed that character.

! \textfont 0 is undefined (character /).
\Url@FormatString ...\Url@String \UrlRight \m@th $
                                                  
l.366 ...ersity/advanced-encryption-standard-aes/}
                                                   (accedido 16/11/2024).
Somewhere in the math formula just ended, you used the
stated character from an undefined font family. For example,
plain TeX doesn't allow \it or \sl in subscripts. Proceed,
and I'll try to forget that I needed that character.

! \textfont 0 is undefined (character m).
\Url@FormatString ...\Url@String \UrlRight \m@th $
                                                  
l.366 ...ersity/advanced-encryption-standard-aes/}
                                                   (accedido 16/11/2024).
Somewhere in the math formula just ended, you used the
stated character from an undefined font family. For example,
plain TeX doesn't allow \it or \sl in subscripts. Proceed,
and I'll try to forget that I needed that character.

! \textfont 0 is undefined (character s).
\Url@FormatString ...\Url@String \UrlRight \m@th $
                                                  
l.366 ...ersity/advanced-encryption-standard-aes/}
                                                   (accedido 16/11/2024).
Somewhere in the math formula just ended, you used the
stated character from an undefined font family. For example,
plain TeX doesn't allow \it or \sl in subscripts. Proceed,
and I'll try to forget that I needed that character.

! \textfont 0 is undefined (character m).
\Url@FormatString ...\Url@String \UrlRight \m@th $
                                                  
l.366 ...ersity/advanced-encryption-standard-aes/}
                                                   (accedido 16/11/2024).
Somewhere in the math formula just ended, you used the
stated character from an undefined font family. For example,
plain TeX doesn't allow \it or \sl in subscripts. Proceed,
and I'll try to forget that I needed that character.

! \textfont 0 is undefined (character k).
\Url@FormatString ...\Url@String \UrlRight \m@th $
                                                  
l.366 ...ersity/advanced-encryption-standard-aes/}
                                                   (accedido 16/11/2024).
Somewhere in the math formula just ended, you used the
stated character from an undefined font family. For example,
plain TeX doesn't allow \it or \sl in subscripts. Proceed,
and I'll try to forget that I needed that character.

! \textfont 0 is undefined (character .).
\Url@FormatString ...\Url@String \UrlRight \m@th $
                                                  
l.366 ...ersity/advanced-encryption-standard-aes/}
                                                   (accedido 16/11/2024).
Somewhere in the math formula just ended, you used the
stated character from an undefined font family. For example,
plain TeX doesn't allow \it or \sl in subscripts. Proceed,
and I'll try to forget that I needed that character.

! \textfont 0 is undefined (character u).
\Url@FormatString ...\Url@String \UrlRight \m@th $
                                                  
l.366 ...ersity/advanced-encryption-standard-aes/}
                                                   (accedido 16/11/2024).
Somewhere in the math formula just ended, you used the
stated character from an undefined font family. For example,
plain TeX doesn't allow \it or \sl in subscripts. Proceed,
and I'll try to forget that I needed that character.

! \textfont 0 is undefined (character n).
\Url@FormatString ...\Url@String \UrlRight \m@th $
                                                  
l.366 ...ersity/advanced-encryption-standard-aes/}
                                                   (accedido 16/11/2024).
Somewhere in the math formula just ended, you used the
stated character from an undefined font family. For example,
plain TeX doesn't allow \it or \sl in subscripts. Proceed,
and I'll try to forget that I needed that character.

! \textfont 0 is undefined (character i).
\Url@FormatString ...\Url@String \UrlRight \m@th $
                                                  
l.366 ...ersity/advanced-encryption-standard-aes/}
                                                   (accedido 16/11/2024).
Somewhere in the math formula just ended, you used the
stated character from an undefined font family. For example,
plain TeX doesn't allow \it or \sl in subscripts. Proceed,
and I'll try to forget that I needed that character.

! \textfont 0 is undefined (character v).
\Url@FormatString ...\Url@String \UrlRight \m@th $
                                                  
l.366 ...ersity/advanced-encryption-standard-aes/}
                                                   (accedido 16/11/2024).
Somewhere in the math formula just ended, you used the
stated character from an undefined font family. For example,
plain TeX doesn't allow \it or \sl in subscripts. Proceed,
and I'll try to forget that I needed that character.

! \textfont 0 is undefined (character e).
\Url@FormatString ...\Url@String \UrlRight \m@th $
                                                  
l.366 ...ersity/advanced-encryption-standard-aes/}
                                                   (accedido 16/11/2024).
Somewhere in the math formula just ended, you used the
stated character from an undefined font family. For example,
plain TeX doesn't allow \it or \sl in subscripts. Proceed,
and I'll try to forget that I needed that character.

! \textfont 0 is undefined (character r).
\Url@FormatString ...\Url@String \UrlRight \m@th $
                                                  
l.366 ...ersity/advanced-encryption-standard-aes/}
                                                   (accedido 16/11/2024).
Somewhere in the math formula just ended, you used the
stated character from an undefined font family. For example,
plain TeX doesn't allow \it or \sl in subscripts. Proceed,
and I'll try to forget that I needed that character.

! \textfont 0 is undefined (character s).
\Url@FormatString ...\Url@String \UrlRight \m@th $
                                                  
l.366 ...ersity/advanced-encryption-standard-aes/}
                                                   (accedido 16/11/2024).
Somewhere in the math formula just ended, you used the
stated character from an undefined font family. For example,
plain TeX doesn't allow \it or \sl in subscripts. Proceed,
and I'll try to forget that I needed that character.

! \textfont 0 is undefined (character i).
\Url@FormatString ...\Url@String \UrlRight \m@th $
                                                  
l.366 ...ersity/advanced-encryption-standard-aes/}
                                                   (accedido 16/11/2024).
Somewhere in the math formula just ended, you used the
stated character from an undefined font family. For example,
plain TeX doesn't allow \it or \sl in subscripts. Proceed,
and I'll try to forget that I needed that character.

! \textfont 0 is undefined (character t).
\Url@FormatString ...\Url@String \UrlRight \m@th $
                                                  
l.366 ...ersity/advanced-encryption-standard-aes/}
                                                   (accedido 16/11/2024).
Somewhere in the math formula just ended, you used the
stated character from an undefined font family. For example,
plain TeX doesn't allow \it or \sl in subscripts. Proceed,
and I'll try to forget that I needed that character.

! \textfont 0 is undefined (character y).
\Url@FormatString ...\Url@String \UrlRight \m@th $
                                                  
l.366 ...ersity/advanced-encryption-standard-aes/}
                                                   (accedido 16/11/2024).
Somewhere in the math formula just ended, you used the
stated character from an undefined font family. For example,
plain TeX doesn't allow \it or \sl in subscripts. Proceed,
and I'll try to forget that I needed that character.

! \textfont 0 is undefined (character /).
\Url@FormatString ...\Url@String \UrlRight \m@th $
                                                  
l.366 ...ersity/advanced-encryption-standard-aes/}
                                                   (accedido 16/11/2024).
Somewhere in the math formula just ended, you used the
stated character from an undefined font family. For example,
plain TeX doesn't allow \it or \sl in subscripts. Proceed,
and I'll try to forget that I needed that character.

! \textfont 0 is undefined (character a).
\Url@FormatString ...\Url@String \UrlRight \m@th $
                                                  
l.366 ...ersity/advanced-encryption-standard-aes/}
                                                   (accedido 16/11/2024).
Somewhere in the math formula just ended, you used the
stated character from an undefined font family. For example,
plain TeX doesn't allow \it or \sl in subscripts. Proceed,
and I'll try to forget that I needed that character.

! \textfont 0 is undefined (character d).
\Url@FormatString ...\Url@String \UrlRight \m@th $
                                                  
l.366 ...ersity/advanced-encryption-standard-aes/}
                                                   (accedido 16/11/2024).
Somewhere in the math formula just ended, you used the
stated character from an undefined font family. For example,
plain TeX doesn't allow \it or \sl in subscripts. Proceed,
and I'll try to forget that I needed that character.

! \textfont 0 is undefined (character v).
\Url@FormatString ...\Url@String \UrlRight \m@th $
                                                  
l.366 ...ersity/advanced-encryption-standard-aes/}
                                                   (accedido 16/11/2024).
Somewhere in the math formula just ended, you used the
stated character from an undefined font family. For example,
plain TeX doesn't allow \it or \sl in subscripts. Proceed,
and I'll try to forget that I needed that character.

! \textfont 0 is undefined (character a).
\Url@FormatString ...\Url@String \UrlRight \m@th $
                                                  
l.366 ...ersity/advanced-encryption-standard-aes/}
                                                   (accedido 16/11/2024).
Somewhere in the math formula just ended, you used the
stated character from an undefined font family. For example,
plain TeX doesn't allow \it or \sl in subscripts. Proceed,
and I'll try to forget that I needed that character.

! \textfont 0 is undefined (character n).
\Url@FormatString ...\Url@String \UrlRight \m@th $
                                                  
l.366 ...ersity/advanced-encryption-standard-aes/}
                                                   (accedido 16/11/2024).
Somewhere in the math formula just ended, you used the
stated character from an undefined font family. For example,
plain TeX doesn't allow \it or \sl in subscripts. Proceed,
and I'll try to forget that I needed that character.

! \textfont 0 is undefined (character c).
\Url@FormatString ...\Url@String \UrlRight \m@th $
                                                  
l.366 ...ersity/advanced-encryption-standard-aes/}
                                                   (accedido 16/11/2024).
Somewhere in the math formula just ended, you used the
stated character from an undefined font family. For example,
plain TeX doesn't allow \it or \sl in subscripts. Proceed,
and I'll try to forget that I needed that character.

! \textfont 0 is undefined (character e).
\Url@FormatString ...\Url@String \UrlRight \m@th $
                                                  
l.366 ...ersity/advanced-encryption-standard-aes/}
                                                   (accedido 16/11/2024).
Somewhere in the math formula just ended, you used the
stated character from an undefined font family. For example,
plain TeX doesn't allow \it or \sl in subscripts. Proceed,
and I'll try to forget that I needed that character.

! \textfont 0 is undefined (character d).
\Url@FormatString ...\Url@String \UrlRight \m@th $
                                                  
l.366 ...ersity/advanced-encryption-standard-aes/}
                                                   (accedido 16/11/2024).
Somewhere in the math formula just ended, you used the
stated character from an undefined font family. For example,
plain TeX doesn't allow \it or \sl in subscripts. Proceed,
and I'll try to forget that I needed that character.

! \textfont 0 is undefined (character -).
\Url@FormatString ...\Url@String \UrlRight \m@th $
                                                  
l.366 ...ersity/advanced-encryption-standard-aes/}
                                                   (accedido 16/11/2024).
Somewhere in the math formula just ended, you used the
stated character from an undefined font family. For example,
plain TeX doesn't allow \it or \sl in subscripts. Proceed,
and I'll try to forget that I needed that character.

! \textfont 0 is undefined (character e).
\Url@FormatString ...\Url@String \UrlRight \m@th $
                                                  
l.366 ...ersity/advanced-encryption-standard-aes/}
                                                   (accedido 16/11/2024).
Somewhere in the math formula just ended, you used the
stated character from an undefined font family. For example,
plain TeX doesn't allow \it or \sl in subscripts. Proceed,
and I'll try to forget that I needed that character.

! \textfont 0 is undefined (character n).
\Url@FormatString ...\Url@String \UrlRight \m@th $
                                                  
l.366 ...ersity/advanced-encryption-standard-aes/}
                                                   (accedido 16/11/2024).
Somewhere in the math formula just ended, you used the
stated character from an undefined font family. For example,
plain TeX doesn't allow \it or \sl in subscripts. Proceed,
and I'll try to forget that I needed that character.

! \textfont 0 is undefined (character c).
\Url@FormatString ...\Url@String \UrlRight \m@th $
                                                  
l.366 ...ersity/advanced-encryption-standard-aes/}
                                                   (accedido 16/11/2024).
Somewhere in the math formula just ended, you used the
stated character from an undefined font family. For example,
plain TeX doesn't allow \it or \sl in subscripts. Proceed,
and I'll try to forget that I needed that character.

! \textfont 0 is undefined (character r).
\Url@FormatString ...\Url@String \UrlRight \m@th $
                                                  
l.366 ...ersity/advanced-encryption-standard-aes/}
                                                   (accedido 16/11/2024).
Somewhere in the math formula just ended, you used the
stated character from an undefined font family. For example,
plain TeX doesn't allow \it or \sl in subscripts. Proceed,
and I'll try to forget that I needed that character.

! \textfont 0 is undefined (character y).
\Url@FormatString ...\Url@String \UrlRight \m@th $
                                                  
l.366 ...ersity/advanced-encryption-standard-aes/}
                                                   (accedido 16/11/2024).
Somewhere in the math formula just ended, you used the
stated character from an undefined font family. For example,
plain TeX doesn't allow \it or \sl in subscripts. Proceed,
and I'll try to forget that I needed that character.

! \textfont 0 is undefined (character p).
\Url@FormatString ...\Url@String \UrlRight \m@th $
                                                  
l.366 ...ersity/advanced-encryption-standard-aes/}
                                                   (accedido 16/11/2024).
Somewhere in the math formula just ended, you used the
stated character from an undefined font family. For example,
plain TeX doesn't allow \it or \sl in subscripts. Proceed,
and I'll try to forget that I needed that character.

! \textfont 0 is undefined (character t).
\Url@FormatString ...\Url@String \UrlRight \m@th $
                                                  
l.366 ...ersity/advanced-encryption-standard-aes/}
                                                   (accedido 16/11/2024).
Somewhere in the math formula just ended, you used the
stated character from an undefined font family. For example,
plain TeX doesn't allow \it or \sl in subscripts. Proceed,
and I'll try to forget that I needed that character.

! \textfont 0 is undefined (character i).
\Url@FormatString ...\Url@String \UrlRight \m@th $
                                                  
l.366 ...ersity/advanced-encryption-standard-aes/}
                                                   (accedido 16/11/2024).
Somewhere in the math formula just ended, you used the
stated character from an undefined font family. For example,
plain TeX doesn't allow \it or \sl in subscripts. Proceed,
and I'll try to forget that I needed that character.

! \textfont 0 is undefined (character o).
\Url@FormatString ...\Url@String \UrlRight \m@th $
                                                  
l.366 ...ersity/advanced-encryption-standard-aes/}
                                                   (accedido 16/11/2024).
Somewhere in the math formula just ended, you used the
stated character from an undefined font family. For example,
plain TeX doesn't allow \it or \sl in subscripts. Proceed,
and I'll try to forget that I needed that character.

! \textfont 0 is undefined (character n).
\Url@FormatString ...\Url@String \UrlRight \m@th $
                                                  
l.366 ...ersity/advanced-encryption-standard-aes/}
                                                   (accedido 16/11/2024).
Somewhere in the math formula just ended, you used the
stated character from an undefined font family. For example,
plain TeX doesn't allow \it or \sl in subscripts. Proceed,
and I'll try to forget that I needed that character.

! \textfont 0 is undefined (character -).
\Url@FormatString ...\Url@String \UrlRight \m@th $
                                                  
l.366 ...ersity/advanced-encryption-standard-aes/}
                                                   (accedido 16/11/2024).
Somewhere in the math formula just ended, you used the
stated character from an undefined font family. For example,
plain TeX doesn't allow \it or \sl in subscripts. Proceed,
and I'll try to forget that I needed that character.

! \textfont 0 is undefined (character s).
\Url@FormatString ...\Url@String \UrlRight \m@th $
                                                  
l.366 ...ersity/advanced-encryption-standard-aes/}
                                                   (accedido 16/11/2024).
Somewhere in the math formula just ended, you used the
stated character from an undefined font family. For example,
plain TeX doesn't allow \it or \sl in subscripts. Proceed,
and I'll try to forget that I needed that character.

! \textfont 0 is undefined (character t).
\Url@FormatString ...\Url@String \UrlRight \m@th $
                                                  
l.366 ...ersity/advanced-encryption-standard-aes/}
                                                   (accedido 16/11/2024).
Somewhere in the math formula just ended, you used the
stated character from an undefined font family. For example,
plain TeX doesn't allow \it or \sl in subscripts. Proceed,
and I'll try to forget that I needed that character.

! \textfont 0 is undefined (character a).
\Url@FormatString ...\Url@String \UrlRight \m@th $
                                                  
l.366 ...ersity/advanced-encryption-standard-aes/}
                                                   (accedido 16/11/2024).
Somewhere in the math formula just ended, you used the
stated character from an undefined font family. For example,
plain TeX doesn't allow \it or \sl in subscripts. Proceed,
and I'll try to forget that I needed that character.

! \textfont 0 is undefined (character n).
\Url@FormatString ...\Url@String \UrlRight \m@th $
                                                  
l.366 ...ersity/advanced-encryption-standard-aes/}
                                                   (accedido 16/11/2024).
Somewhere in the math formula just ended, you used the
stated character from an undefined font family. For example,
plain TeX doesn't allow \it or \sl in subscripts. Proceed,
and I'll try to forget that I needed that character.

! \textfont 0 is undefined (character d).
\Url@FormatString ...\Url@String \UrlRight \m@th $
                                                  
l.366 ...ersity/advanced-encryption-standard-aes/}
                                                   (accedido 16/11/2024).
Somewhere in the math formula just ended, you used the
stated character from an undefined font family. For example,
plain TeX doesn't allow \it or \sl in subscripts. Proceed,
and I'll try to forget that I needed that character.

! \textfont 0 is undefined (character a).
\Url@FormatString ...\Url@String \UrlRight \m@th $
                                                  
l.366 ...ersity/advanced-encryption-standard-aes/}
                                                   (accedido 16/11/2024).
Somewhere in the math formula just ended, you used the
stated character from an undefined font family. For example,
plain TeX doesn't allow \it or \sl in subscripts. Proceed,
and I'll try to forget that I needed that character.

! \textfont 0 is undefined (character r).
\Url@FormatString ...\Url@String \UrlRight \m@th $
                                                  
l.366 ...ersity/advanced-encryption-standard-aes/}
                                                   (accedido 16/11/2024).
Somewhere in the math formula just ended, you used the
stated character from an undefined font family. For example,
plain TeX doesn't allow \it or \sl in subscripts. Proceed,
and I'll try to forget that I needed that character.

! \textfont 0 is undefined (character d).
\Url@FormatString ...\Url@String \UrlRight \m@th $
                                                  
l.366 ...ersity/advanced-encryption-standard-aes/}
                                                   (accedido 16/11/2024).
Somewhere in the math formula just ended, you used the
stated character from an undefined font family. For example,
plain TeX doesn't allow \it or \sl in subscripts. Proceed,
and I'll try to forget that I needed that character.

! \textfont 0 is undefined (character -).
\Url@FormatString ...\Url@String \UrlRight \m@th $
                                                  
l.366 ...ersity/advanced-encryption-standard-aes/}
                                                   (accedido 16/11/2024).
Somewhere in the math formula just ended, you used the
stated character from an undefined font family. For example,
plain TeX doesn't allow \it or \sl in subscripts. Proceed,
and I'll try to forget that I needed that character.

! \textfont 0 is undefined (character a).
\Url@FormatString ...\Url@String \UrlRight \m@th $
                                                  
l.366 ...ersity/advanced-encryption-standard-aes/}
                                                   (accedido 16/11/2024).
Somewhere in the math formula just ended, you used the
stated character from an undefined font family. For example,
plain TeX doesn't allow \it or \sl in subscripts. Proceed,
and I'll try to forget that I needed that character.

! \textfont 0 is undefined (character e).
\Url@FormatString ...\Url@String \UrlRight \m@th $
                                                  
l.366 ...ersity/advanced-encryption-standard-aes/}
                                                   (accedido 16/11/2024).
Somewhere in the math formula just ended, you used the
stated character from an undefined font family. For example,
plain TeX doesn't allow \it or \sl in subscripts. Proceed,
and I'll try to forget that I needed that character.

! \textfont 0 is undefined (character s).
\Url@FormatString ...\Url@String \UrlRight \m@th $
                                                  
l.366 ...ersity/advanced-encryption-standard-aes/}
                                                   (accedido 16/11/2024).
Somewhere in the math formula just ended, you used the
stated character from an undefined font family. For example,
plain TeX doesn't allow \it or \sl in subscripts. Proceed,
and I'll try to forget that I needed that character.

! \textfont 0 is undefined (character /).
\Url@FormatString ...\Url@String \UrlRight \m@th $
                                                  
l.366 ...ersity/advanced-encryption-standard-aes/}
                                                   (accedido 16/11/2024).
Somewhere in the math formula just ended, you used the
stated character from an undefined font family. For example,
plain TeX doesn't allow \it or \sl in subscripts. Proceed,
and I'll try to forget that I needed that character.


! LaTeX Error: \begin{itemize} on input line 83 ended by \end{document}.

See the LaTeX manual or LaTeX Companion for explanation.
Type  H <return>  for immediate help.
 ...                                              
                                                  
l.377 \end{document}
                    
Your command was ignored.
Type  I <command> <return>  to replace it with another command,
or  <return>  to continue without it.

[13] (./Informe de Auditoría del Sistema Web.aux)

LaTeX Warning: There were multiply-defined labels.

Package rerunfilecheck Info: File `"Informe de Auditoría del Sistema Web".out'
 has not changed.
(rerunfilecheck)             Checksum: 56F3FBAC1F4B6040F4CDDA94EE15880E;4876.
 )
(\end occurred inside a group at level 1)

### semi simple group (level 1) entered at line 83 (\begingroup)
### bottom level 
Here is how much of TeX's memory you used:
 11381 strings out of 480247
 176027 string characters out of 5896150
 513089 words of memory out of 5000000
 29050 multiletter control sequences out of 15000+600000
 476126 words of font info for 52 fonts, out of 8000000 for 9000
 14 hyphenation exceptions out of 8191
 60i,8n,63p,1117b,1307s stack positions out of 5000i,500n,10000p,200000b,80000s
</usr/share/texlive/texmf-dist/fonts/type1/public/amsfonts/cm/c
mbx12.pfb></usr/share/texlive/texmf-dist/fonts/type1/public/amsfonts/cm/cmr10.p
fb></usr/share/texlive/texmf-dist/fonts/type1/public/amsfonts/cm/cmr12.pfb></us
r/share/texlive/texmf-dist/fonts/type1/public/amsfonts/cm/cmr17.pfb></usr/share
/texlive/texmf-dist/fonts/type1/public/amsfonts/cm/cmr7.pfb></usr/share/texlive
/texmf-dist/fonts/type1/public/amsfonts/cm/cmr8.pfb></usr/share/texlive/texmf-d
ist/fonts/type1/public/amsfonts/cm/cmti12.pfb>
Output written on "Informe de Auditoría del Sistema Web.pdf" (13 pages, 185386
 bytes).
PDF statistics:
 390 PDF objects out of 1000 (max. 8388607)
 355 compressed objects within 4 object streams
 118 named destinations out of 1000 (max. 500000)
 222 words of extra memory for PDF output out of 10000 (max. 10000000)

